search_term,npi,org_name,taxonomy,address,city,state,zip,system
Montefiore,1104949981,"EVEREST DIALYSIS SERVICES, INC.","Clinic/Center, End-Stage Renal Disease (ESRD) Treatment",1695 EASTCHESTER RD,BRONX,NY,10461,Montefiore
Montefiore,1558482679,"EVEREST DIALYSIS SERVICES, INC.","Clinic/Center, End-Stage Renal Disease (ESRD) Treatment",1325 MORRIS PARK AVE,BRONX,NY,10461,Montefiore
Montefiore,1265619654,GUN HILL MRI,"Radiology, Vascular & Interventional Radiology",5500 BROADWAY,BRONX,NY,10463,Montefiore
Montefiore,1841374592,GUN HILL MRI PC,"Clinic/Center, Radiology",200 E GUN HILL RD,BRONX,NY,10467,Montefiore
Montefiore,1831457894,MONTEFIORE,"Clinic/Center, Student Health",111 EAST 210TH STREET,BRONX,NY,10467,Montefiore
Montefiore,1841669900,MONTEFIORE,Rehabilitation Hospital,600 E. 233RD,BRONX,NY,10466,Montefiore
Montefiore,1487848123,MONTEFIORE AT 1 FORDHAM PLAZA,"Clinic/Center, Primary Care",1 FORDHAM PLZ,BRONX,NY,10458,Montefiore
Montefiore,1770778953,MONTEFIORE AT 141 S CENTRAL AVENUE,"Clinic/Center, Multi-Specialty",141 S CENTRAL AVE,HARTSDALE,NY,10530,Montefiore
Montefiore,1942677745,"MONTEFIORE CERC OPERATIONS, INC.",Clinic/Center,1225 MORRIS PARK AVENUE,BRONX,NY,10461,Montefiore
Montefiore,1649514977,MONTEFIORE CHILDREN'S HOSPITAL,"Chronic Disease Hospital, Children",3415 BAINBRIDGE AVE,BRONX,NY,10467,Montefiore
Montefiore,1558726182,MONTEFIORE COMMUNITY PHARMACY,Pharmacy,111 E 210TH ST,BRONX,NY,10467,Montefiore
Montefiore,1588869986,MONTEFIORE DENTAL,Dentist,3444 KOSSUTH AVE,BRONX,NY,10467,Montefiore
Montefiore,1194920496,MONTEFIORE DENTAL,Dentist,1575 BLONDELL AVE,BRONX,NY,10461,Montefiore
Montefiore,1164627469,MONTEFIORE DENTAL DEPARTMENT,Dentist,305 E 161ST ST,BRONX,NY,10451,Montefiore
Montefiore,1588867055,MONTEFIORE DENTAL DEPARTMENT,Dentist,3332 ROCHAMBEAU AVE,BRONX,NY,10467,Montefiore
Montefiore,1598960817,MONTEFIORE DENTAL DEPARTMENT,Dentist,951 PROSPECT AVE,BRONX,NY,10459,Montefiore
Montefiore,1023213337,MONTEFIORE DENTAL DEPARTMENT,Dentist,1516 JARRET PL,BRONX,NY,10461,Montefiore
Montefiore,1801092341,MONTEFIORE DENTAL DEPARTMENT,Dentist,1625 POPLAR ST,BRONX,NY,10461,Montefiore
Montefiore,1134892847,MONTEFIORE EINSTEIN ADVANCED CARE,"Internal Medicine, Cardiovascular Disease",555 TAXTER RD,ELMSFORD,NY,10523,Montefiore
Montefiore,1073770277,MONTEFIORE MED CTR-KLAU2 PSYCH,Psychiatric Unit,111 E 210TH ST,BRONX,NY,10467,Montefiore
Montefiore,1164689360,MONTEFIORE MED CTR-LUBIN REHAB,Rehabilitation Unit,1825 EASTCHESTER RD,BRONX,NY,10461,Montefiore
Montefiore,1154588358,MONTEFIORE MED CTR-MS DIALYSIS,"Clinic/Center, End-Stage Renal Disease (ESRD) Treatment",111 E 210TH ST,BRONX,NY,10467,Montefiore
Montefiore,1962849869,MONTEFIORE MEDCIAL CENTER,Clinic/Center,4256 BRONX BLVD,BRONX,NY,10466,Montefiore
Montefiore,1285266528,MONTEFIORE MEDCIAL CENTER,Clinic/Center,1577 HONE AVE,BRONX,NY,10461,Montefiore
Montefiore,1811529159,MONTEFIORE MEDCIAL CENTER,Clinic/Center,421 HUGUENOT ST,NEW ROCHELLE,NY,10801,Montefiore
Montefiore,1891327813,MONTEFIORE MEDCIAL CENTER,Clinic/Center,3860 E TREMONT AVE,BRONX,NY,10465,Montefiore
Montefiore,1790974897,MONTEFIORE MEDICAL CENTER,General Acute Care Hospital,111 E 210TH ST,BRONX,NY,10467,Montefiore
Montefiore,1750528188,MONTEFIORE MEDICAL CENTER,General Acute Care Hospital,3750 BAYCHESTER AVE,BRONX,NY,10466,Montefiore
Montefiore,1881998003,MONTEFIORE MEDICAL CENTER,General Acute Care Hospital,1625 POPLAR ST,BRONX,NY,10461,Montefiore
Montefiore,1801147301,MONTEFIORE MEDICAL CENTER,Chronic Disease Hospital,111 E 210TH ST,BRONX,NY,10467,Montefiore
Montefiore,1871875237,MONTEFIORE MEDICAL CENTER,General Acute Care Hospital,600 E 233RD ST,BRONX,NY,10466,Montefiore
Montefiore,1710274576,MONTEFIORE MEDICAL CENTER,Student in an Organized Health Care Education/Training Program,3411 WAYNE AVE APT 11H,BRONX,NY,10467,Montefiore
Montefiore,1003195652,MONTEFIORE MEDICAL CENTER,"General Acute Care Hospital, Children",4 PONDVIEW CLOSE,CHAPPAQUA,NY,10514,Montefiore
Montefiore,1497146419,MONTEFIORE MEDICAL CENTER,General Acute Care Hospital,1400 PELHAM PKWY S,BRONX,NY,10461,Montefiore
Montefiore,1962173062,MONTEFIORE MEDICAL CENTER,Physical Therapist,350 S MAIN ST STE 1,NEW CITY,NY,10956,Montefiore
Montefiore,1477168870,MONTEFIORE MEDICAL CENTER,"Clinic/Center, Community Health",111 E 210TH ST,BRONX,NY,10467,Montefiore
Montefiore,1396407839,MONTEFIORE MEDICAL CENTER,Physical Therapist,23275-B NEW YORK AVE,HUTINGTON STATION,NY,11746,Montefiore
Montefiore,1407414469,MONTEFIORE MEDICAL CENTER,"Internal Medicine, Cardiovascular Disease",170 MAPLE AVE,WHITE PLAINS,NY,10601,Montefiore
Montefiore,1114604691,MONTEFIORE MEDICAL CENTER,Occupational Therapist,657 E MAIN ST STE 3,MOUNT KISCO,NY,10549,Montefiore
Montefiore,1457035784,MONTEFIORE MEDICAL CENTER,Occupational Therapist,4701 QUEENS BLVD,SUNNYSIDE,NY,11104,Montefiore
Montefiore,1740965474,MONTEFIORE MEDICAL CENTER,"Clinic/Center, Radiology",3050 CORLEAR AVE,BRONX,NY,10463,Montefiore
Montefiore,1982860953,MONTEFIORE MEDICAL CENTER,General Acute Care Hospital,600 E 233RD ST,BRONX,NY,10466,Montefiore
Montefiore,1336419183,MONTEFIORE MEDICAL CENTER,Clinic/Center,100 CORPORATE DR,YONKERS,NY,10701,Montefiore
Montefiore,1487848156,MONTEFIORE MEDICAL CENTER,"Clinic/Center, Primary Care",804 EAST 138TH STREET,BRONX,NY,10454,Montefiore
Montefiore,1396409090,MONTEFIORE MEDICAL CENTER,Physical Therapist,785 STATE ROUTE 17M STE 1,MONROE,NY,10950,Montefiore
Montefiore,1821752528,MONTEFIORE MEDICAL CENTER,Physical Therapist,27 SMITH ST FL 5,BROOKLYN,NY,11201,Montefiore
Montefiore,1427712124,MONTEFIORE MEDICAL CENTER,Physical Therapist,521 ROUTE 111 STE 107,HAUPPAUGE,NY,11788,Montefiore
Montefiore,1104649292,MONTEFIORE MEDICAL CENTER,Physical Therapist,655 E MONTAUK HWY STE 23,EAST PATCHOGUE,NY,11772,Montefiore
Montefiore,1154211498,MONTEFIORE MEDICAL CENTER,Physical Therapist,22001 JAMAICA AVE,QUEENS VILLAGE,NY,11428,Montefiore
Montefiore,1841099710,MONTEFIORE MEDICAL CENTER,"Clinic/Center, Student Health",1701 FULTON AVE,BRONX,NY,10457,Montefiore
Montefiore,1487454963,MONTEFIORE MEDICAL CENTER,Physical Therapist,226 7TH ST STE 101,GARDEN CITY,NY,11530,Montefiore
Montefiore,1659446680,MONTEFIORE MEDICAL CENTER,"Clinic/Center, Federally Qualified Health Center (FQHC)",111 E 210TH ST,BRONX,NY,10467,Montefiore
Montefiore,1306728688,MONTEFIORE MEDICAL CENTER,Physical Therapist,9777 QUEENS BLVD STE 910,REGO PARK,NY,11374,Montefiore
Montefiore,1164269627,MONTEFIORE MEDICAL CENTER,Physical Therapist,583 STATE ROUTE 32 STE 2U,HIGHLAND MILLS,NY,10930,Montefiore
Montefiore,1275370736,MONTEFIORE MEDICAL CENTER,Physical Therapist,84 E MAIN ST STE 1,WASHINGTONVILLE,NY,10992,Montefiore
Montefiore,1548083645,MONTEFIORE MEDICAL CENTER,Physical Therapist,2568 ROUTE 212,WOODSTOCK,NY,12498,Montefiore
Montefiore,1780407866,MONTEFIORE MEDICAL CENTER,Physical Therapist,434 OLD POST RD,BEDFORD,NY,10506,Montefiore
Montefiore,1447073531,MONTEFIORE MEDICAL CENTER,Physical Therapist,1987 STATE ROUTE 52 STE 11,LIBERTY,NY,12754,Montefiore
Montefiore,1336962422,MONTEFIORE MEDICAL CENTER,Physical Therapist,111 MAIDEN LN,KINGSTON,NY,12401,Montefiore
Montefiore,1699598797,MONTEFIORE MEDICAL CENTER,Physical Therapist,785 STATE ROUTE 17M STE 16,MONROE,NY,10950,Montefiore
Montefiore,1952124059,MONTEFIORE MEDICAL CENTER,Physical Therapist,181 JERSEY AVE,PORT JERVIS,NY,12771,Montefiore
Montefiore,1134931025,MONTEFIORE MEDICAL CENTER,Physical Therapist,495 SCHUTT ROAD EXT STE 9,MIDDLETOWN,NY,10940,Montefiore
Montefiore,1972315869,MONTEFIORE MEDICAL CENTER,Physical Therapist,444 E BOSTON POST RD STE 101,MAMARONECK,NY,10543,Montefiore
Montefiore,1831872860,MONTEFIORE MEDICAL CENTER,Physical Therapist,435 W 31ST ST,NEW YORK,NY,10001,Montefiore
Montefiore,1285414250,MONTEFIORE MEDICAL CENTER,Physical Therapist,1012 RAILROAD AVE,WOODMERE,NY,11598,Montefiore
Montefiore,1841437209,MONTEFIORE MEDICAL CENTER,"Clinic/Center, Multi-Specialty",3544 JEROME AVE,BRONX,NY,10467,Montefiore
Montefiore,1669804266,MONTEFIORE MEDICAL CENTER,"Internal Medicine, Medical Oncology",60 E 208TH ST,BRONX,NY,10467,Montefiore
Montefiore,1396147641,MONTEFIORE MEDICAL CENTER,"Clinic/Center, Student Health",1980 LAFAYETTE AVE,BRONX,NY,10473,Montefiore
Montefiore,1669237038,MONTEFIORE MEDICAL CENTER,Physical Therapist,7215 GRAND AVE,MASPETH,NY,11378,Montefiore
Montefiore,1255565925,MONTEFIORE MEDICAL CENTER,General Acute Care Hospital,3347 STEUBEN AVE,BRONX,NY,10467,Montefiore
Montefiore,1164768206,MONTEFIORE MEDICAL CENTER,"Clinic/Center, Student Health",1501 JEROME AVE,BRONX,NY,10452,Montefiore
Montefiore,1811412554,MONTEFIORE MEDICAL CENTER,Clinic/Center,1250 WATERS PL STE 1201,BRONX,NY,10461,Montefiore
Montefiore,1457631004,MONTEFIORE MEDICAL CENTER,Clinic/Center,2814 MIDDLETOWN RD,BRONX,NY,10461,Montefiore
Montefiore,1790060606,MONTEFIORE MEDICAL CENTER,Clinic/Center,890 PROSPECT AVE,BRONX,NY,10459,Montefiore
Montefiore,1326232042,MONTEFIORE MEDICAL CENTER,"Clinic/Center, Primary Care",3400 BAINBRIDGE AVE,BRONX,NY,10467,Montefiore
Montefiore,1194981084,MONTEFIORE MEDICAL CENTER,"Clinic/Center, Multi-Specialty",33 W MAIN ST,ELMSFORD,NY,10523,Montefiore
Montefiore,1235324534,MONTEFIORE MEDICAL CENTER,"Clinic/Center, Multi-Specialty",804 E 138TH ST,BRONX,NY,10454,Montefiore
Montefiore,1740446624,MONTEFIORE MEDICAL CENTER,"Clinic/Center, Multi-Specialty",1419 SHAKESPEARE AVE,BRONX,NY,10452,Montefiore
Montefiore,1659537538,MONTEFIORE MEDICAL CENTER,"Clinic/Center, Multi-Specialty",4170 BRONX BLVD,BRONX,NY,10466,Montefiore
Montefiore,1255568838,MONTEFIORE MEDICAL CENTER,"Clinic/Center, Primary Care",979 ROGERS PL,BRONX,NY,10459,Montefiore
Montefiore,1548641632,MONTEFIORE MEDICAL CENTER,Internal Medicine,3011 BOSTON RD,BRONX,NY,10469,Montefiore
Montefiore,1659156255,MONTEFIORE MEDICAL CENTER,"Pharmacy, Community/Retail Pharmacy",100 CORPORATE BLVD STE 111,YONKERS,NY,10701,Montefiore
Montefiore,1841518941,MONTEFIORE MEDICAL CENTER,General Acute Care Hospital,1628 EASTCHESTER RD,BRONX,NY,10461,Montefiore
Montefiore,1548514532,MONTEFIORE MEDICAL CENTER,Internal Medicine,730 BROOK AVENUE,BRONX,NY,10455,Montefiore
Montefiore,1477415669,MONTEFIORE MEDICAL CENTER,Physical Therapist,4427 DOUGLASTON PKWY,DOUGLASTON,NY,11363,Montefiore
Montefiore,1356201750,MONTEFIORE MEDICAL CENTER,Physical Therapist,961 E 174TH ST STE 42,BRONX,NY,10460,Montefiore
Montefiore,1700746112,MONTEFIORE MEDICAL CENTER,Physical Therapist,4446 BROADWAY,NEW YORK,NY,10040,Montefiore
Montefiore,1275710519,MONTEFIORE MEDICAL CENTER,Dentist,111 E 210TH ST,BRONX,NY,10467,Montefiore
Montefiore,1962693739,MONTEFIORE MEDICAL CENTER,General Acute Care Hospital,111 E 210TH ST,BRONX,NY,10467,Montefiore
Montefiore,1588859870,MONTEFIORE MEDICAL CENTER,"Clinic/Center, Multi-Specialty",111 EAST 210TH STREET,BRONX,NY,10467,Montefiore
Montefiore,1275763203,MONTEFIORE MEDICAL CENTER,General Acute Care Hospital,1825 EASTCHESTER RD # 7NW,BRONX,NY,10461,Montefiore
Montefiore,1538310503,MONTEFIORE MEDICAL CENTER,"Clinic/Center, Oncology",111 E 210TH ST,BRONX,NY,10467,Montefiore
Montefiore,1336427574,MONTEFIORE MEDICAL CENTER,"General Acute Care Hospital, Children",3415 BAINBRIDGE AVE,BRONX,NY,10467,Montefiore
Montefiore,1992331482,MONTEFIORE MEDICAL CENTER,"Clinic/Center, Student Health",250 THURMAN MUNSON WAY #236,BRONX,NY,10451,Montefiore
Montefiore,1659082170,MONTEFIORE MEDICAL CENTER,Physical Therapist,490 ROUTE 304,NEW CITY,NY,10956,Montefiore
Montefiore,1710698238,MONTEFIORE MEDICAL CENTER,Physical Therapist,27 SMITH ST,BROOKLYN,NY,11201,Montefiore
Montefiore,1740911353,MONTEFIORE MEDICAL CENTER,Durable Medical Equipment & Medical Supplies,MOTION PT AT NEW CITY,NEW CITY,NY,10956,Montefiore
Montefiore,1659002269,MONTEFIORE MEDICAL CENTER,Durable Medical Equipment & Medical Supplies,MOTION PT AT MONROE,MONROE,NY,10950,Montefiore
Montefiore,1942910815,MONTEFIORE MEDICAL CENTER,Physical Therapist,9932 66TH RD,REGO PARK,NY,11374,Montefiore
Montefiore,1124780630,MONTEFIORE MEDICAL CENTER,Physical Therapist,244-250 W 54TH STREET,NEW YORK,NY,10023,Montefiore
Montefiore,1952065658,MONTEFIORE MEDICAL CENTER,Physical Therapist,657 E MAIN ST STE 3,MOUNT KISCO,NY,10549,Montefiore
Montefiore,1033873740,MONTEFIORE MEDICAL CENTER,Physical Therapist,1600 STEWART AVE STE 110,WESTBURY,NY,11590,Montefiore
Montefiore,1255924759,MONTEFIORE MEDICAL CENTER,"Clinic/Center, Student Health",579 WARBURTON AVE STE 112,YONKERS,NY,10701,Montefiore
Montefiore,1174289433,MONTEFIORE MEDICAL CENTER,Physical Therapist,1818 NEWKIRK AVE APT D,BROOKLYN,NY,11226,Montefiore
Montefiore,1124799226,MONTEFIORE MEDICAL CENTER,Physical Therapist,70 MAPLE AVE,ROCKVILLE CENTRE,NY,11570,Montefiore
Montefiore,1487984969,MONTEFIORE MEDICAL CENTER,General Acute Care Hospital,111 E 210TH ST,BRONX,NY,10467,Montefiore
Montefiore,1043543580,MONTEFIORE MEDICAL CENTER,General Acute Care Hospital,3400 BAINBRIDGE AVE FL 3,BRONX,NY,10467,Montefiore
Montefiore,1982388211,MONTEFIORE MEDICAL CENTER,Occupational Therapist,675 MCLEAN AVE,YONKERS,NY,10704,Montefiore
Montefiore,1902033756,MONTEFIORE MEDICAL CENTER,"Clinic/Center, Multi-Specialty",979 ROGERS PL,BRONX,NY,10459,Montefiore
Montefiore,1033559828,MONTEFIORE MEDICAL CENTER,Psychologist,1967 TURNBULL AVE,BRONX,NY,10473,Montefiore
Montefiore,1891869541,MONTEFIORE MEDICAL CENTER,"Clinic/Center, Federally Qualified Health Center (FQHC)",871 PROSPECT AVE,BRONX,NY,10459,Montefiore
Montefiore,1407011786,MONTEFIORE MEDICAL CENTER,"Clinic/Center, Primary Care",1419 SHAKESPEARE AVE,BRONX,NY,10452,Montefiore
Montefiore,1215460159,MONTEFIORE MEDICAL CENTER,"Clinic/Center, Urgent Care",1010 CENTRAL PARK AVE,YONKERS,NY,10704,Montefiore
Montefiore,1043644701,MONTEFIORE MEDICAL CENTER,Clinic/Center,260 E 188TH ST,BRONX,NY,10458,Montefiore
Montefiore,1427185057,MONTEFIORE MEDICAL CENTER,"Pharmacy, Community/Retail Pharmacy",111 E 210TH ST,BRONX,NY,10467,Montefiore
Montefiore,1467601948,MONTEFIORE MEDICAL CENTER,"Clinic/Center, Multi-Specialty",600 E 233RD ST,BRONX,NY,10466,Montefiore
Montefiore,1205092129,MONTEFIORE MEDICAL CENTER,"Clinic/Center, Primary Care",2115 STARLING AVE,BRONX,NY,10462,Montefiore
Montefiore,1770978892,MONTEFIORE MEDICAL CENTER,Clinic/Center,933 MAMARONECK AVE,MAMARONECK,NY,10543,Montefiore
Montefiore,1477040566,MONTEFIORE MEDICAL CENTER,"Clinic/Center, Student Health",3710 BARNES AVE,BRONX,NY,10467,Montefiore
Montefiore,1891154886,MONTEFIORE MEDICAL CENTER,"Clinic/Center, Methadone Clinic",1510 WATERS PL,BRONX,NY,10461,Montefiore
Montefiore,1871782979,MONTEFIORE MEDICAL CENTER,General Acute Care Hospital,1348 E 59TH ST,BROOKLYN,NY,11234,Montefiore
Montefiore,1780907170,MONTEFIORE MEDICAL CENTER,"Clinic/Center, Student Health",240 E 172ND ST,BRONX,NY,10457,Montefiore
Montefiore,1164699070,MONTEFIORE MEDICAL CENTER,Clinical Medical Laboratory,141 S CENTRAL AVE,HARTSDALE,NY,10530,Montefiore
Montefiore,1467618348,MONTEFIORE MEDICAL CENTER,"Clinic/Center, Primary Care",4234 BRONX BLVD,BRONX,NY,10466,Montefiore
Montefiore,1760720106,MONTEFIORE MEDICAL CENTER,"Internal Medicine, Medical Oncology",984 N BROADWAY,YONKERS,NY,10701,Montefiore
Montefiore,1033502828,MONTEFIORE MEDICAL CENTER,General Acute Care Hospital,150 E 210TH ST,BRONX,NY,10467,Montefiore
Montefiore,1942667340,MONTEFIORE MEDICAL CENTER,Chronic Disease Hospital,3400 BAINBRIDGE MMC,BRONX,NY,10467,Montefiore
Montefiore,1518433440,MONTEFIORE MEDICAL CENTER,"Clinic/Center, Student Health",1449 SHAKESPEARE AVE,BRONX,NY,10452,Montefiore
Montefiore,1669294864,MONTEFIORE MEDICAL CENTER,Physical Therapist,4250 HEMPSTEAD TPKE,BETHPAGE,NY,11714,Montefiore
Montefiore,1619400132,MONTEFIORE MEDICAL CENTER,"Clinic/Center, Urgent Care",2532 GRAND CONCOURSE,BRONX,NY,10458,Montefiore
Montefiore,1083079255,MONTEFIORE MEDICAL CENTER,"Clinic/Center, Student Health",925 ASTOR AVE,BRONX,NY,10469,Montefiore
Montefiore,1801052790,MONTEFIORE MEDICAL CENTER,"Clinic/Center, Multi-Specialty",4234 BRONX BLVD,BRONX,NY,10466,Montefiore
Montefiore,1154051225,MONTEFIORE MEDICAL CENTER,Durable Medical Equipment & Medical Supplies,1250 WATERS PLACE,BRONX,NY,10461,Montefiore
Montefiore,1962666297,MONTEFIORE MEDICAL CENTER,General Acute Care Hospital,1695 EASTCHESTER RD # A,BRONX,NY,10461,Montefiore
Montefiore,1205021490,MONTEFIORE MEDICAL CENTER,"Clinic/Center, Multi-Specialty",853 LONGWOOD AVE,BRONX,NY,10459,Montefiore
Montefiore,1992961882,MONTEFIORE MEDICAL CENTER,"Clinic/Center, Multi-Specialty",3250 WESTCHESTER AVE,BRONX,NY,10461,Montefiore
Montefiore,1831946359,MONTEFIORE MEDICAL CENTER,Orthopaedic Surgery,3 CENTEROCK RD,WEST NYACK,NY,10994,Montefiore
Montefiore,1205726544,MONTEFIORE MEDICAL CENTER,Physical Therapist,765 BURKE AVE,BRONX,NY,10467,Montefiore
Montefiore,1598436693,MONTEFIORE MEDICAL CENTER,Physical Therapist,14 ORANGETOWN SHOPPING CTR,ORANGEBURG,NY,10962,Montefiore
Montefiore,1629968961,MONTEFIORE MEDICAL CENTER,Physical Therapist,3244 31ST ST,ASTORIA,NY,11106,Montefiore
Montefiore,1154112761,MONTEFIORE MEDICAL CENTER,Physical Therapist,3434 CARMAN RD,SCHENECTADY,NY,12303,Montefiore
Montefiore,1679385579,MONTEFIORE MEDICAL CENTER,Physical Therapist,127 STATE ROUTE 302 STE 2,PINE BUSH,NY,12566,Montefiore
Montefiore,1295547107,MONTEFIORE MEDICAL CENTER,Physical Therapist,187 E MARKET ST STE 142,RHINEBECK,NY,12572,Montefiore
Montefiore,1558173468,MONTEFIORE MEDICAL CENTER,Physical Therapist,2880 US HIGHWAY 9 STE 1,VALATIE,NY,12184,Montefiore
Montefiore,1790585271,MONTEFIORE MEDICAL CENTER,Physical Therapist,1533 UNION ST,SCHENECTADY,NY,12309,Montefiore
Montefiore,1952476988,MONTEFIORE MEDICAL CENTER,General Acute Care Hospital,111 E 210TH ST,BRONX,NY,10467,Montefiore
Montefiore,1811857212,MONTEFIORE MEDICAL CENTER,Physical Therapist,1254 CENTRAL PARK AVE STE 3,YONKERS,NY,10704,Montefiore
Montefiore,1811668908,MONTEFIORE MEDICAL CENTER,Physical Therapist,2322 30TH AVE,ASTORIA,NY,11102,Montefiore
Montefiore,1316618416,MONTEFIORE MEDICAL CENTER,Physical Therapist,1880 ROUTE 6,CARMEL,NY,10512,Montefiore
Montefiore,1053794875,MONTEFIORE MEDICAL CENTER,Clinic/Center,200 CORPORATE BLVD S,YONKERS,NY,10701,Montefiore
Montefiore,1568028496,MONTEFIORE MEDICAL CENTER,"Internal Medicine, Hematology & Oncology",951 BROOK AVE,BRONX,NY,10451,Montefiore
Montefiore,1952940546,MONTEFIORE MEDICAL CENTER,Surgery,1254 CENTRAL PARK AVE,YONKERS,NY,10704,Montefiore
Montefiore,1831851385,MONTEFIORE MEDICAL CENTER,Physical Therapist,11835 QUEENS BLVD STE 1550,FOREST HILLS,NY,11375,Montefiore
Montefiore,1205507308,MONTEFIORE MEDICAL CENTER,Physical Therapist,340 DOGWOOD AVE,FRANKLIN SQUARE,NY,11010,Montefiore
Montefiore,1356012454,MONTEFIORE MEDICAL CENTER,Physical Therapist,400 WESTAGE BUSINESS CTR DR STE 106,FISHKILL,NY,12524,Montefiore
Montefiore,1154092252,MONTEFIORE MEDICAL CENTER,Physical Therapist,158 BROADWAY,BROOKLYN,NY,11211,Montefiore
Montefiore,1639840739,MONTEFIORE MEDICAL CENTER,Physical Therapist,3202 BAINBRIDGE AVE APT D,BRONX,NY,10467,Montefiore
Montefiore,1790456804,MONTEFIORE MEDICAL CENTER,Physical Therapist,1086 N BROADWAY,YONKERS,NY,10701,Montefiore
Montefiore,1689330953,MONTEFIORE MEDICAL CENTER,Physical Therapist,8 N AQUEDUCT LN,IRVINGTON,NY,10533,Montefiore
Montefiore,1962133579,MONTEFIORE MEDICAL CENTER,Durable Medical Equipment & Medical Supplies,MOTION PT AT VALHALLA,VALHALLA,NY,10595,Montefiore
Montefiore,1366653974,MONTEFIORE MEDICAL CENTER,"General Acute Care Hospital, Critical Access",48 UNION AVE,AMITYVILLE,NY,11701,Montefiore
Montefiore,1063606739,MONTEFIORE MEDICAL CENTER,"Clinic/Center, Primary Care",111 EAST 210TH STREET,BRONX,NY,10467,Montefiore
Montefiore,1992015937,MONTEFIORE MEDICAL CENTER,Chronic Disease Hospital,1500 WATERS PL,BRONX,NY,10461,Montefiore
Montefiore,1154644607,MONTEFIORE MEDICAL CENTER,General Acute Care Hospital,4315 WEBSTER AVE,BRONX,NY,10470,Montefiore
Montefiore,1013222512,MONTEFIORE MEDICAL CENTER,Chronic Disease Hospital,1500 WATERS PL,BRONX,NY,10461,Montefiore
Montefiore,1194122374,MONTEFIORE MEDICAL CENTER,General Acute Care Hospital,111 E 210TH ST,BRONX,NY,10467,Montefiore
Montefiore,1962895078,MONTEFIORE MEDICAL CENTER,General Acute Care Hospital,150 E 210TH ST,BRONX,NY,10467,Montefiore
Montefiore,1548647282,MONTEFIORE MEDICAL CENTER,"General Acute Care Hospital, Women",111 E 210TH ST,BRONX,NY,10467,Montefiore
Montefiore,1114201993,MONTEFIORE MEDICAL CENTER,General Acute Care Hospital,111 E 210TH ST,BRONX,NY,10467,Montefiore
Montefiore,1164234043,MONTEFIORE MEDICAL CENTER,Physical Therapist,2403 STATE ROUTE 7 STE 5,COBLESKILL,NY,12043,Montefiore
Montefiore,1821800707,MONTEFIORE MEDICAL CENTER,Physical Therapist,747 MADISON AVE STE 1,ALBANY,NY,12208,Montefiore
Montefiore,1922810811,MONTEFIORE MEDICAL CENTER,Physical Therapist,162 E ROUTE 59,NANUET,NY,10954,Montefiore
Montefiore,1629880521,MONTEFIORE MEDICAL CENTER,Physical Therapist,3141 ROUTE 9W STE 200,NEW WINDSOR,NY,12553,Montefiore
Montefiore,1164234068,MONTEFIORE MEDICAL CENTER,Physical Therapist,3051 LONG BEACH RD STE 4,OCEANSIDE,NY,11572,Montefiore
Montefiore,1598588691,MONTEFIORE MEDICAL CENTER,Physical Therapist,246 MAIN ST STE 8,NEW PALTZ,NY,12561,Montefiore
Montefiore,1568285658,MONTEFIORE MEDICAL CENTER,Physical Therapist,2050 E MAIN ST STE 4,CORTLANDT MANOR,NY,10567,Montefiore
Montefiore,1366265464,MONTEFIORE MEDICAL CENTER,Physical Therapist,1825 COMMERCE ST STE 1,YORKTOWN HEIGHTS,NY,10598,Montefiore
Montefiore,1134806656,MONTEFIORE MEDICAL CENTER,Occupational Therapist,28 B INDIAN ROCK PLAZA,MONTEBELLO,NY,10901,Montefiore
Montefiore,1730345653,MONTEFIORE MEDICAL CENTER,"Clinic/Center, Primary Care",4350 VAN CORTLANDT PARK E,BRONX,NY,10470,Montefiore
Montefiore,1316435498,MONTEFIORE MEDICAL CENTER,"Internal Medicine, Cardiovascular Disease",20 CEDAR ST,NEW ROCHELLE,NY,10801,Montefiore
Montefiore,1720484769,MONTEFIORE MEDICAL CENTER,"Internal Medicine, Medical Oncology",1624 CROSBY AVE,BRONX,NY,10461,Montefiore
Montefiore,1063278299,MONTEFIORE MEDICAL CENTER,Orthopaedic Surgery,BLOOMING GROVE TURNPIKE AT 219,NEW WINDSOR,NY,12553,Montefiore
Montefiore,1164776159,MONTEFIORE MEDICAL CENTER,"Clinic/Center, Primary Care",730 BROOK AVENUE,BRONX,NY,10455,Montefiore
Montefiore,1689006538,MONTEFIORE MEDICAL CENTER,"Internal Medicine, Medical Oncology",1915-25 CENTRAL PARK AVENUE,YONKERS,NY,10710,Montefiore
Montefiore,1427466283,MONTEFIORE MEDICAL CENTER,General Acute Care Hospital,4487 3RD AVE,BRONX,NY,10457,Montefiore
Montefiore,1003142571,MONTEFIORE MEDICAL CENTER,"Rehabilitation, Substance Use Disorder Unit",260 E 161ST ST,BRONX,NY,10451,Montefiore
Montefiore,1376810010,MONTEFIORE MEDICAL CENTER,Clinic/Center,730 CONCOURSE VILLAGE WEST,BRONX,NY,10451,Montefiore
Montefiore,1366630535,MONTEFIORE MEDICAL CENTER,"Clinic/Center, Primary Care",1510 WATERS PLACE,BRONX,NY,10461,Montefiore
Montefiore,1396991790,MONTEFIORE MEDICAL CENTER,"Clinic/Center, Multi-Specialty",4401 BRONX BLVD,BRONX,NY,10470,Montefiore
Montefiore,1467618355,MONTEFIORE MEDICAL CENTER,"Clinic/Center, Multi-Specialty",2115 STARLING AVE,BRONX,NY,10462,Montefiore
Montefiore,1154005486,MONTEFIORE MEDICAL CENTER,Occupational Therapist,115 MAIN ST,TUCKAHOE,NY,10707,Montefiore
Montefiore,1871834705,MONTEFIORE MEDICAL CENTER,Clinic/Center,2475 SAINT RAYMONDS AVE,BRONX,NY,10461,Montefiore
Montefiore,1548490766,MONTEFIORE MEDICAL CENTER,"Clinic/Center, Multi-Specialty",1521 JARRETT PL,BRONX,NY,10461,Montefiore
Montefiore,1386130250,MONTEFIORE MEDICAL CENTER,"Clinic/Center, Student Health",1180 TINTON AVE,BRONX,NY,10456,Montefiore
Montefiore,1770739179,MONTEFIORE MEDICAL CENTER,"Clinic/Center, Student Health",3750 BAYCHESTER AVE,BRONX,NY,10466,Montefiore
Montefiore,1245744895,MONTEFIORE MEDICAL CENTER,"Clinic/Center, Student Health",502 MORRIS AVE,BRONX,NY,10451,Montefiore
Montefiore,1114168218,MONTEFIORE MEDICAL CENTER,"Clinic/Center, Primary Care",3101 E TREMONT AVE,BRONX,NY,10461,Montefiore
Montefiore,1245496165,MONTEFIORE MEDICAL CENTER,"Clinic/Center, Primary Care",33 W MAIN ST,ELMSFORD,NY,10523,Montefiore
Montefiore,1780878405,MONTEFIORE MEDICAL CENTER,"Clinic/Center, Primary Care",853 LONGWOOD AVE,BRONX,NY,10459,Montefiore
Montefiore,1235401241,MONTEFIORE MEDICAL CENTER,General Acute Care Hospital,334 E 148TH ST,BRONX,NY,10451,Montefiore
Montefiore,1639309982,MONTEFIORE MEDICAL CENTER,"Clinic/Center, Multi-Specialty",1754 RANDALL AVENUE,BRONX,NY,10473,Montefiore
Montefiore,1023202793,MONTEFIORE MEDICAL CENTER,"Clinic/Center, Primary Care",3411 WAYNE AVENUE,BRONX,NY,10467,Montefiore
Montefiore,1225396831,MONTEFIORE MEDICAL CENTER,General Acute Care Hospital,23 VAN ETTEN BLVD,NEW ROCHELLE,NY,10804,Montefiore
Montefiore,1881930832,MONTEFIORE MEDICAL CENTER,"Clinic/Center, Oncology",1578 WILLIAMSBRIDGE RD,BRONX,NY,10461,Montefiore
Montefiore,1093230732,MONTEFIORE MEDICAL CENTER,Clinic/Center,688 WHITE PLAINS RD STE 222,SCARSDALE,NY,10583,Montefiore
Montefiore,1942648555,MONTEFIORE MEDICAL CENTER,Clinic/Center,3481 E TREMONT AVE,BRONX,NY,10465,Montefiore
Montefiore,1619453065,MONTEFIORE MEDICAL CENTER,Internal Medicine,3481 E TREMONT AVE,BRONX,NY,10465,Montefiore
Montefiore,1063525152,MONTEFIORE MEDICAL CENTER,Anesthesiology,111 E 210TH ST,BRONX,NY,10467,Montefiore
Montefiore,1255131736,MONTEFIORE MEDICAL CENTER,Physical Therapist,178 CLIZBE AVE,AMSTERDAM,NY,12010,Montefiore
Montefiore,1811797392,MONTEFIORE MEDICAL CENTER,Physical Therapist,1508 ROUTE 9W STE 1,MARLBORO,NY,12542,Montefiore
Montefiore,1982594222,MONTEFIORE MEDICAL CENTER,Physical Therapist,337 JERUSALEM AVE,HICKSVILLE,NY,11801,Montefiore
Montefiore,1033270640,MONTEFIORE MEDICAL CENTER,"Clinic/Center, Community Health",871 PROSPECT AVE,BRONX,NY,10459,Montefiore
Montefiore,1154299287,MONTEFIORE MEDICAL CENTER,Physical Therapist,503 5TH AVE STE 5B,BROOKLYN,NY,11215,Montefiore
Montefiore,1053271460,MONTEFIORE MEDICAL CENTER,Physical Therapist,312 E 204TH ST,BRONX,NY,10467,Montefiore
Montefiore,1588524995,MONTEFIORE MEDICAL CENTER,Physical Therapist,1222 HOPEWELL AVE,FISHKILL,NY,12524,Montefiore
Montefiore,1386512481,MONTEFIORE MEDICAL CENTER,"Clinic/Center, Mental Health (Including Community Mental Health Center)",1011 WASHINGTON AVE,BRONX,NY,10456,Montefiore
Montefiore,1669335287,MONTEFIORE MEDICAL CENTER,Physical Therapist,16 MAYBROOK RD,CAMPBELL HALL,NY,10916,Montefiore
Montefiore,1447100078,MONTEFIORE MEDICAL CENTER,Physical Therapist,8417 5TH AVE,BROOKLYN,NY,11209,Montefiore
Montefiore,1447316906,MONTEFIORE MEDICAL CENTER,General Acute Care Hospital,111 E 210TH ST,BRONX,NY,10467,Montefiore
Montefiore,1073708392,MONTEFIORE MEDICAL CENTER,General Acute Care Hospital,111 EAST 210TH STREET,BRONX,NY,10467,Montefiore
Montefiore,1174967046,MONTEFIORE MEDICAL CENTER,General Acute Care Hospital,1300 MORRIS PARK AVE,BRONX,NY,10461,Montefiore
Montefiore,1386009256,MONTEFIORE MEDICAL CENTER,"Clinic/Center, Health Services","MONTEFIORE MEDICAL CENTER, 3400 BAINBRIDGE AVE",BRONX,NY,10467,Montefiore
Montefiore,1275928863,MONTEFIORE MEDICAL CENTER,"General Acute Care Hospital, Women",1621 EASTCHESTER RD,BRONX,NY,10461,Montefiore
Montefiore,1639635535,MONTEFIORE MEDICAL CENTER,"Clinic/Center, Student Health",1619 BOSTON RD,BRONX,NY,10460,Montefiore
Montefiore,1780358804,MONTEFIORE MEDICAL CENTER,"Internal Medicine, Cardiovascular Disease",2426 EASTCHESTER RD,BRONX,NY,10469,Montefiore
Montefiore,1881365989,MONTEFIORE MEDICAL CENTER,Physical Therapist,327 ROUTE 59 STE 1,AIRMONT,NY,10952,Montefiore
Montefiore,1477224566,MONTEFIORE MEDICAL CENTER,Physical Therapist,160 E 56TH ST FRNT 1,NEW YORK,NY,10022,Montefiore
Montefiore,1124799218,MONTEFIORE MEDICAL CENTER,Physical Therapist,672 PARKSIDE AVE FL 4,BROOKLYN,NY,11226,Montefiore
Montefiore,1518629054,MONTEFIORE MEDICAL CENTER,Physical Therapist,136 E 57TH ST,NEW YORK,NY,10022,Montefiore
Montefiore,1629365580,MONTEFIORE MEDICAL CENTER,Chronic Disease Hospital,1512 LIBRARY AVE,BRONX,NY,10465,Montefiore
Montefiore,1154614253,MONTEFIORE MEDICAL CENTER,General Acute Care Hospital,3331 BAINBRIDGE AVE,BRONX,NY,10467,Montefiore
Montefiore,1942588660,MONTEFIORE MEDICAL CENTER,Special Hospital,197 VALENTINE LN # 1F,YONKERS,NY,10705,Montefiore
Montefiore,1083975940,MONTEFIORE MEDICAL CENTER,Clinical Medical Laboratory,111 E 210TH ST FL 4,BRONX,NY,10467,Montefiore
Montefiore,1548499072,MONTEFIORE MEDICAL CENTER,"Clinic/Center, Multi-Specialty",1663 ROUTE 22,BREWSTER,NY,10509,Montefiore
Montefiore,1336485382,MONTEFIORE MEDICAL CENTER,"Clinic/Center, Oncology",75 E GUN HILL RD,BRONX,NY,10467,Montefiore
Montefiore,1558598300,MONTEFIORE MEDICAL CENTER,"Clinic/Center, Multi-Specialty",3329 BAINBRIDGE AVE,BRONX,NY,10467,Montefiore
Montefiore,1316301294,MONTEFIORE MEDICAL CENTER,"Clinic/Center, Methadone Clinic",2058 JEROME AVE,BRONX,NY,10453,Montefiore
Montefiore,1568262038,MONTEFIORE MEDICAL CENTER,Physical Therapist,280 ROUTE 299 STE 1,HIGHLAND,NY,12528,Montefiore
Montefiore,1275333759,MONTEFIORE MEDICAL CENTER,Physical Therapist,83 N CHESTNUT ST STE 1,NEW PALTZ,NY,12561,Montefiore
Montefiore,1942012851,MONTEFIORE MEDICAL CENTER,Physical Therapist,14 THIELLS MOUNT IVY RD STE 2,POMONA,NY,10970,Montefiore
Montefiore,1851103766,MONTEFIORE MEDICAL CENTER,Physical Therapist,18 WEST RD STE 9,PLEASANT VALLEY,NY,12569,Montefiore
Montefiore,1821800731,MONTEFIORE MEDICAL CENTER,Physical Therapist,222 E MIDDLE COUNTRY RD STE 226,SMITHTOWN,NY,11787,Montefiore
Montefiore,1104638014,MONTEFIORE MEDICAL CENTER,Physical Therapist,338 ROUTE 212 STE 3,SAUGERTIES,NY,12477,Montefiore
Montefiore,1043033145,MONTEFIORE MEDICAL CENTER,Physical Therapist,75 E GUN HILL RD,BRONX,NY,10467,Montefiore
Montefiore,1790547891,MONTEFIORE MEDICAL CENTER,Physical Therapist,3611 E TREMONT AVE,BRONX,NY,10465,Montefiore
Montefiore,1376380832,MONTEFIORE MEDICAL CENTER,Physical Therapist,260 NORTH ST,NEWBURGH,NY,12550,Montefiore
Montefiore,1922845478,MONTEFIORE MEDICAL CENTER,Physical Therapist,94 CLOWES AVE,GOSHEN,NY,10924,Montefiore
Montefiore,1811153703,MONTEFIORE MEDICAL CENTER,"Clinic/Center, Multi-Specialty",4350 VAN CORTLANDT PARK E,BRONX,NY,10470,Montefiore
Montefiore,1972849925,MONTEFIORE MEDICAL CENTER,"Clinic/Center, Oncology",50 GUION PL,NEW ROCHELLE,NY,10801,Montefiore
Montefiore,1558510032,MONTEFIORE MEDICAL CENTER,"Clinic/Center, Primary Care",600 E 233RD ST,BRONX,NY,10466,Montefiore
Montefiore,1104170307,MONTEFIORE MEDICAL CENTER,General Practice,150 LOCKWOOD AVE,NEW ROCHELLE,NY,10801,Montefiore
Montefiore,1942636774,MONTEFIORE MEDICAL CENTER,"Clinic/Center, Student Health",1110 BOSTON RD,BRONX,NY,10456,Montefiore
Montefiore,1831461847,MONTEFIORE MEDICAL CENTER,Case Management,100 CORPORATE DR,YONKERS,NY,10701,Montefiore
Montefiore,1699287920,MONTEFIORE MEDICAL CENTER,"Clinic/Center, Student Health",1002 TELLER AVE,BRONX,NY,10456,Montefiore
Montefiore,1902392749,MONTEFIORE MEDICAL CENTER,"Clinic/Center, Student Health",1600 WEBSTER AVENUE,BRONX,NY,10457,Montefiore
Montefiore,1952547606,MONTEFIORE MEDICAL CENTER,"Clinic/Center, Primary Care",3544 JEROME AVE,BRONX,NY,10467,Montefiore
Montefiore,1962704650,MONTEFIORE MEDICAL CENTER,General Acute Care Hospital,1250 WATERS PL,BRONX,NY,10461,Montefiore
Montefiore,1992072839,MONTEFIORE MEDICAL CENTER,"General Acute Care Hospital, Women",600 E 233RD ST,BRONX,NY,10466,Montefiore
Montefiore,1194183715,MONTEFIORE MEDICAL CENTER,"Pharmacy, Community/Retail Pharmacy",111 E 210TH ST,BRONX,NY,10467,Montefiore
Montefiore,1366924391,MONTEFIORE MEDICAL CENTER,Clinic/Center,970 N BROADWAY,YONKERS,NY,10701,Montefiore
Montefiore,1306286190,MONTEFIORE MEDICAL CENTER,"Counselor, Mental Health",2527 GLEBE AVE,BRONX,NY,10461,Montefiore
Montefiore,1003990763,MONTEFIORE MEDICAL CENTER,Internal Medicine,1500 ASTOR AVE,BRONX,NY,10469,Montefiore
Montefiore,1245576388,MONTEFIORE MEDICAL CENTER,"Clinic/Center, Oncology",984 N BROADWAY,YONKERS,NY,10701,Montefiore
Montefiore,1437545522,MONTEFIORE MEDICAL CENTER,Clinic/Center,175 MEMORIAL HWY,NEW ROCHELLE,NY,10801,Montefiore
Montefiore,1275204364,MONTEFIORE MEDICAL CENTER,Physical Therapist,96-14B METROPOLITAN AVE STE 1,FOREST HILLS,NY,11375,Montefiore
Montefiore,1437348455,MONTEFIORE MEDICAL CENTER,"Clinic/Center, Multi-Specialty",1510 WATERS PLACE,BRONX,NY,10461,Montefiore
Montefiore,1124988530,MONTEFIORE MEDICAL CENTER,Physical Therapist,2257 ADAM CLAYTON POWELL JR BLVD,NEW YORK,NY,10027,Montefiore
Montefiore,1871453282,MONTEFIORE MEDICAL CENTER,Physical Therapist,8 N BROADWAY,YONKERS,NY,10701,Montefiore
Montefiore,1912869116,MONTEFIORE MEDICAL CENTER,Physical Therapist,43 SPRING ST,SCHUYLERVILLE,NY,12871,Montefiore
Montefiore,1972430957,MONTEFIORE MEDICAL CENTER,Family Medicine,555 TAXTER RD # 302,ELMSFORD,NY,10523,Montefiore
Montefiore,1255664991,MONTEFIORE MEDICAL CENTER,General Acute Care Hospital,111 E 210TH ST,BRONX,NY,10467,Montefiore
Montefiore,1275739716,MONTEFIORE MEDICAL CENTER,Anesthesiology,111 E 210TH ST,BRONX,NY,10467,Montefiore
Montefiore,1477762631,MONTEFIORE MEDICAL CENTER,"General Acute Care Hospital, Women",1300 MORRIS PARK AVE,BRONX,NY,10461,Montefiore
Montefiore,1417214180,MONTEFIORE MEDICAL CENTER,Chronic Disease Hospital,111 EAST 210 STREET,BRONX,NY,10467,Montefiore
Montefiore,1861837585,MONTEFIORE MEDICAL CENTER,Clinic/Center,3544 JEROME AVE,BRONX,NY,10467,Montefiore
Montefiore,1881972065,MONTEFIORE MEDICAL CENTER,General Acute Care Hospital,111 E 210TH ST,BRONX,NY,10467,Montefiore
Montefiore,1306239082,MONTEFIORE MEDICAL CENTER,General Acute Care Hospital,27 MAPLE DR,GREAT NECK,NY,11021,Montefiore
Montefiore,1649628074,MONTEFIORE MEDICAL CENTER,General Acute Care Hospital,110 EAST 210TH ST,BRONX,NY,10467,Montefiore
Montefiore,1265591168,MONTEFIORE MEDICAL CENTER,Home Health,1 FORDHAM PLZ RM 1100,BRONX,NY,10458,Montefiore
Montefiore,1053098509,MONTEFIORE MEDICAL CENTER,"Clinic/Center, Occupational Medicine",657 E MAIN ST STE 3,MOUNT KISCO,NY,10549,Montefiore
Montefiore,1497940670,MONTEFIORE MEDICAL CENTER,"Clinic/Center, Multi-Specialty",3340 BAINBRIDGE AVENUE,BRONX,NY,10467,Montefiore
Montefiore,1548944879,MONTEFIORE MEDICAL CENTER,Occupational Therapist,775 PARK AVE,HUNTINGTON,NY,11743,Montefiore
Montefiore,1356665426,MONTEFIORE MEDICAL CENTER,"Clinic/Center, Student Health",1425 WALTON AVE,BRONX,NY,10452,Montefiore
Montefiore,1508940297,MONTEFIORE MEDICAL CENTER,"Internal Medicine, Cardiovascular Disease",150 WHITE PLAINS RD,TARRYTOWN,NY,10591,Montefiore
Montefiore,1336390814,MONTEFIORE MEDICAL CENTER,Psychiatric Unit,111 E 210TH ST,BRONX,NY,10467,Montefiore
Montefiore,1407194020,MONTEFIORE MEDICAL CENTER,"Internal Medicine, Cardiovascular Disease",4256 BRONX BLVD,BRONX,NY,10466,Montefiore
Montefiore,1609188770,MONTEFIORE MEDICAL CENTER,"Clinic/Center, Rehabilitation",3199 BAINBRIDGE AVE,BRONX,NY,10467,Montefiore
Montefiore,1093971988,MONTEFIORE MEDICAL CENTER,"Clinic/Center, Primary Care",3250 WESTCHESTER AVE,BRONX,NY,10461,Montefiore
Montefiore,1205110038,MONTEFIORE MEDICAL CENTER,"Clinic/Center, Dental",5500 BROADWAY,BRONX,NY,10463,Montefiore
Montefiore,1699930974,MONTEFIORE MEDICAL CENTER,"Clinic/Center, Primary Care",4170 BRONX BLVD,BRONX,NY,10466,Montefiore
Montefiore,1255660148,MONTEFIORE MEDICAL CENTER,"Clinic/Center, Urgent Care",2300 WESTCHESTER AVE,BRONX,NY,10462,Montefiore
Montefiore,1538243209,MONTEFIORE MEDICAL CENTER,,3219 E TREMONT AVE,BRONX,NY,10461,Montefiore
Montefiore,1972821502,MONTEFIORE MEDICAL CENTER,General Acute Care Hospital,3351 STEUBEN AVE,BRONX,NY,10467,Montefiore
Montefiore,1215183611,MONTEFIORE MEDICAL CENTER,"Clinic/Center, Multi-Specialty",4141 CARPENTER AVE,BRONX,NY,10466,Montefiore
Montefiore,1023362449,MONTEFIORE MEDICAL CENTER,Plastic Surgery,100 CORPORATE DR,YONKERS,NY,10701,Montefiore
Montefiore,1417114497,MONTEFIORE MEDICAL CENTER,Internal Medicine,495 CENTRAL PARK AVE,SCARSDALE,NY,10583,Montefiore
Montefiore,1245467455,MONTEFIORE MEDICAL CENTER,"Clinic/Center, Multi-Specialty",150 E 210TH ST,BRONX,NY,10467,Montefiore
Montefiore,1639332877,MONTEFIORE MEDICAL CENTER,General Acute Care Hospital,100 CORPORATE DR,YONKERS,NY,10701,Montefiore
Montefiore,1700372687,MONTEFIORE MEDICAL CENTER,"Clinic/Center, Student Health",456 WHITE PLAINS RD,BRONX,NY,10473,Montefiore
Montefiore,1265876346,MONTEFIORE MEDICAL CENTER,Clinic/Center,73 MARKET ST,YONKERS,NY,10710,Montefiore
Montefiore,1528803285,MONTEFIORE MEDICAL CENTER,Physical Therapist,219 BLOOMING GROVE TPKE,NEW WINDSOR,NY,12553,Montefiore
Montefiore,1124841218,MONTEFIORE MEDICAL CENTER,Physical Therapist,78 BROOKSIDE AVE STE 144,CHESTER,NY,10918,Montefiore
Montefiore,1912720004,MONTEFIORE MEDICAL CENTER,Physical Therapist,2531 ROUTE 52 STE 2,HOPEWELL JUNCTION,NY,12533,Montefiore
Montefiore,1790508893,MONTEFIORE MEDICAL CENTER,Physical Therapist,20 WALNUT ST STE B,MONTGOMERY,NY,12549,Montefiore
Montefiore,1013730118,MONTEFIORE MEDICAL CENTER,Physical Therapist,855 FRANKLIN AVE,THORNWOOD,NY,10594,Montefiore
Montefiore,1659194751,MONTEFIORE MEDICAL CENTER,Physical Therapist,4 WESTCHESTER PARK DR STE 315,WHITE PLAINS,NY,10604,Montefiore
Montefiore,1376366476,MONTEFIORE MEDICAL CENTER,Physical Therapist,1111 MONTAUK HWY STE 2-2,WEST ISLIP,NY,11795,Montefiore
Montefiore,1235947128,MONTEFIORE MEDICAL CENTER,Physical Therapist,1450 ROUTE 208,WALLKILL,NY,12589,Montefiore
Montefiore,1013723402,MONTEFIORE MEDICAL CENTER,"Clinic/Center, Student Health",75 W 205TH ST,BRONX,NY,10468,Montefiore
Montefiore,1760646996,MONTEFIORE MEDICAL CENTER,General Acute Care Hospital,111 E 210TH ST,BRONX,NY,10467,Montefiore
Montefiore,1801507322,MONTEFIORE MEDICAL CENTER,Physical Therapist,2 CROSFIELD AVE,WEST NYACK,NY,10994,Montefiore
Montefiore,1073236261,MONTEFIORE MEDICAL CENTER,"Internal Medicine, Cardiovascular Disease",435 W 31ST ST STE 30,NEW YORK,NY,10001,Montefiore
Montefiore,1124738091,MONTEFIORE MEDICAL CENTER,Physical Therapist,10 WALDRON AVE,NYACK,NY,10960,Montefiore
Montefiore,1457406621,MONTEFIORE MEDICAL CENTER,Home Health,1 FORDHAM PLZ,BRONX,NY,10458,Montefiore
Montefiore,1316412513,MONTEFIORE MEDICAL CENTER,"Clinic/Center, Student Health","1600 WEBSTER AVENUE, ROOM 108",BRONX,NY,10457,Montefiore
Montefiore,1508520206,MONTEFIORE MEDICAL CENTER,Physical Therapist,2209 MERRICK RD STE 206A,MERRICK,NY,11566,Montefiore
Montefiore,1003570706,MONTEFIORE MEDICAL CENTER,Physical Therapist,2 VICTORY CT,NEWBURGH,NY,12550,Montefiore
Montefiore,1962166678,MONTEFIORE MEDICAL CENTER,Physical Therapist,25 LIBERTY SQUARE MALL STE 1,STONY POINT,NY,10980,Montefiore
Montefiore,1487325585,MONTEFIORE MEDICAL CENTER,Physical Therapist,411 THEODORE FREMD AVE STE 104,RYE,NY,10580,Montefiore
Montefiore,1083385173,MONTEFIORE MEDICAL CENTER,Physical Therapist,88 ASHFORD AVE STE 101,DOBBS FERRY,NY,10522,Montefiore
Montefiore,1922779016,MONTEFIORE MEDICAL CENTER,Physical Therapist,1250 WATERS PL STE 501A,BRONX,NY,10461,Montefiore
Montefiore,1447059316,MONTEFIORE MEDICAL CENTER,"Clinic/Center, Student Health",275 HARLEM RIVER PARK BRG,BRONX,NY,10453,Montefiore
Montefiore,1659183549,MONTEFIORE MEDICAL CENTER,Physical Therapist,170 N MAIN ST UNIT 8,NEW CITY,NY,10956,Montefiore
Montefiore,1225838709,MONTEFIORE MEDICAL CENTER,Physical Therapist,42 SARATOGA RD,SCOTIA,NY,12302,Montefiore
Montefiore,1043010523,MONTEFIORE MEDICAL CENTER,Physical Therapist,12 MALL WAY STE 7,WEST SAND LAKE,NY,12196,Montefiore
Montefiore,1457235087,MONTEFIORE MEDICAL CENTER,"Dentist, General Practice",3020 WESTCHESTER AVE STE 200,PURCHASE,NY,10577,Montefiore
Montefiore,1952291098,MONTEFIORE MEDICAL CENTER,Physical Therapist,22 JERICHO TPKE STE 107,MINEOLA,NY,11501,Montefiore
Montefiore,1578453817,MONTEFIORE MEDICAL CENTER,Physical Therapist,3867 E TREMONT AVE,BRONX,NY,10465,Montefiore
Montefiore,1053293332,MONTEFIORE MEDICAL CENTER,Physical Therapist,13 FORESTER AVE STE 3,WARWICK,NY,10990,Montefiore
Montefiore,1629938030,MONTEFIORE MEDICAL CENTER,Physical Therapist,837 WASHINGTON AVE STE 1B,BRONX,NY,10451,Montefiore
Montefiore,1497605018,MONTEFIORE MEDICAL CENTER,Physical Therapist,164 ROCKLAND PLZ UNIT 1,NANUET,NY,10954,Montefiore
Montefiore,1366113466,MONTEFIORE MEDICAL CENTER,Physical Therapist,303 S BROADWAY STE 101,TARRYTOWN,NY,10591,Montefiore
Montefiore,1760288278,MONTEFIORE MEDICAL CENTER,Family Medicine,2633 BROADWAY,NEW YORK,NY,10025,Montefiore
Montefiore,1811013824,MONTEFIORE MEDICAL CENTER JACK D WEILER HOSPITAL,"Pharmacy, Institutional Pharmacy",1825 EASTCHESTER RD,BRONX,NY,10461,Montefiore
Montefiore,1720219231,MONTEFIORE MEDICAL CENTER NORTH DIVISION,General Acute Care Hospital,600 E 233RD ST,BRONX,NY,10466,Montefiore
Montefiore,1679850440,MONTEFIORE MEDICAL CENTER NORTH DIVISION,General Acute Care Hospital,4401 BRONX BLVD,BRONX,NY,10470,Montefiore
Montefiore,1497900211,MONTEFIORE MEDICAL CENTER NORTH DIVISION,"General Acute Care Hospital, Critical Access",21 FAIRVIEW AVE APT 722,TUCKAHOE,NY,10707,Montefiore
Montefiore,1790920734,MONTEFIORE MEDICAL CENTER NORTH DIVISION,"General Acute Care Hospital, Critical Access",600 E 233RD ST,BRONX,NY,10466,Montefiore
Montefiore,1205963972,MONTEFIORE MEDICAL CENTER-MONTEFIORE PHARMACY,"Pharmacy, Community/Retail Pharmacy",3444 KOSSUTH AVE,BRONX,NY,10467,Montefiore
Montefiore,1881909406,MONTEFIORE MEDICAL CENTER-NORTH,Long Term Care Hospital,600 E 233RD ST,BRONX,NY,10466,Montefiore
Montefiore,1083928238,MONTEFIORE MEDICAL CENTER-NORTH,General Acute Care Hospital,600 E 233RD ST,BRONX,NY,10466,Montefiore
Montefiore,1609007160,MONTEFIORE MEDICAL CENTER-NORTH DIVISION,General Acute Care Hospital,549 E 234TH ST,BRONX,NY,10470,Montefiore
Montefiore,1942580840,MONTEFIORE MEDICAL GROUP,"Clinic/Center, Primary Care",2300 WESTCHESTER AVE,BRONX,NY,10462,Montefiore
Montefiore,1306990478,MONTEFIORE MEDICAL PARK,"Clinic/Center, Radiology, Mobile",1625 POPLAR ST,BRONX,NY,10461,Montefiore
Montefiore,1306260211,MONTEFIORE MOUNT VERNON HOSPITAL,General Acute Care Hospital,12 N 7TH AVE,MOUNT VERNON,NY,10550,Montefiore
Montefiore,1013345065,MONTEFIORE MOUNT VERNON HOSPITAL,General Acute Care Hospital,12 N 7TH AVE,MOUNT VERNON,NY,10550,Montefiore
Montefiore,1992131320,MONTEFIORE MOUNT VERNON HOSPITAL,General Acute Care Hospital,12 N 7TH AVE,MOUNT VERNON,NY,10550,Montefiore
Montefiore,1669897567,MONTEFIORE NEW ROCHELLE,General Practice,490 PELHAM RD,NEW ROCHELLE,NY,10805,Montefiore
Montefiore,1578071981,MONTEFIORE NEW ROCHELLE,Specialist,1214 PELHAM PKWY S,BRONX,NY,10461,Montefiore
Montefiore,1376083055,MONTEFIORE NEW ROCHELLE,General Practice,2365 BOSTON POST RD,LARCHMONT,NY,10538,Montefiore
Montefiore,1144687617,MONTEFIORE NEW ROCHELLE,Clinic/Center,100 STEVENS AVE FL 7,MOUNT VERNON,NY,10550,Montefiore
Montefiore,1245052448,MONTEFIORE NEW ROCHELLE,Obstetrics & Gynecology,1214 PELHAM PKWY S,BRONX,NY,10461,Montefiore
Montefiore,1255781969,MONTEFIORE NEW ROCHELLE,"Internal Medicine, Cardiovascular Disease",2365 BOSTON POST RD,LARCHMONT,NY,10538,Montefiore
Montefiore,1245654656,MONTEFIORE NEW ROCHELLE HOSPITAL,General Practice,830 PELHAMDALE AVE,NEW ROCHELLE,NY,10801,Montefiore
Montefiore,1477976264,MONTEFIORE NEW ROCHELLE HOSPITAL,General Acute Care Hospital,110 LOCKWOOD AVE,NEW ROCHELLE,NY,10801,Montefiore
Montefiore,1932523479,MONTEFIORE NEW ROCHELLE HOSPITAL,General Practice,140 LOCKWOOD AVE,NEW ROCHELLE,NY,10801,Montefiore
Montefiore,1720414154,MONTEFIORE NEW ROCHELLE HOSPITAL,General Acute Care Hospital,16 GUION PL,NEW ROCHELLE,NY,10801,Montefiore
Montefiore,1033534268,MONTEFIORE NEW ROCHELLE HOSPITAL,"Internal Medicine, Medical Oncology",26 WASHINGTON AVENUE,NEW ROCHELLE,NY,10801,Montefiore
Montefiore,1578385795,MONTEFIORE NEW ROCHELLE HOSPITAL,Skilled Nursing Facility,101 GLOVER JOHNSON PL,NEW ROCHELLE,NY,10801,Montefiore
Montefiore,1497179303,MONTEFIORE NEW ROCHELLE HOSPITAL,General Acute Care Hospital,16 GUION PL,NEW ROCHELLE,NY,10801,Montefiore
Montefiore,1295163244,MONTEFIORE NEW ROCHELLE HOSPITAL,General Acute Care Hospital,100 CORPORATE DR,YONKERS,NY,10701,Montefiore
Montefiore,1093138885,MONTEFIORE NEW ROCHELLE HOSPITAL,General Practice,4773 BOSTON POST RD,PELHAM,NY,10803,Montefiore
Montefiore,1790108439,MONTEFIORE NEW ROCHELLE HOSPITAL,General Practice,2157 TOMLINSON AVE,BRONX,NY,10461,Montefiore
Montefiore,1154606077,MONTEFIORE NORTH,Student in an Organized Health Care Education/Training Program,600 E 233RD ST,BRONX,NY,10466,Montefiore
Montefiore,1992019343,MONTEFIORE NORTH,General Acute Care Hospital,600 E 233RD ST,BRONX,NY,10466,Montefiore
Montefiore,1689989873,MONTEFIORE NORTH,General Acute Care Hospital,600 E 233RD ST,BRONX,NY,10466,Montefiore
Montefiore,1144228099,MONTEFIORE NORTH AMBULATORY CARE CENTER INC,"Clinic/Center, Community Health",4234 BRONX BLVD,BRONX,NY,10466,Montefiore
Montefiore,1093098758,MONTEFIORE NORTH DIVISION,Student in an Organized Health Care Education/Training Program,600 E 233RD ST,BRONX,NY,10466,Montefiore
Montefiore,1073881835,MONTEFIORE NYACK HOSPITAL,"Psychiatry & Neurology, Neurology",160 N MIDLAND AVE,NYACK,NY,10960,Montefiore
Montefiore,1538180559,MONTEFIORE NYACK HOSPITAL,Home Health,17 SQUADRON BLVD,NEW CITY,NY,10956,Montefiore
Montefiore,1922405190,MONTEFIORE NYACK HOSPITAL,Psychiatric Unit,160 N MIDLAND AVE,NYACK,NY,10960,Montefiore
Montefiore,1104808062,MONTEFIORE NYACK HOSPITAL,General Acute Care Hospital,160 N MIDLAND AVE,NYACK,NY,10960,Montefiore
Montefiore,1679044002,MONTEFIORE NYACK HOSPITAL,General Acute Care Hospital,160 N MIDLAND AVE,NYACK,NY,10960,Montefiore
Montefiore,1538595962,SCHAFFER EXTENDED CARE CENTER,Skilled Nursing Facility,16 GUION PL,NEW ROCHELLE,NY,10801,Montefiore
New York Presbyterian,1811189814,NEW YORK PRESBYTERIAN,General Acute Care Hospital,177 FORT WASHINGTON AVE,NEW YORK,NY,10032,NYP
New York Presbyterian,1871812206,NEW YORK PRESBYTERIAN,Clinical Medical Laboratory,525 E 68TH ST,NEW YORK,NY,10065,NYP
New York Presbyterian,1972645265,NEW YORK PRESBYTERIAN,General Acute Care Hospital,525 E 68TH ST,NEW YORK,NY,10021,NYP
New York Presbyterian,1861652182,NEW YORK PRESBYTERIAN,General Acute Care Hospital,340 W 71ST ST,NEW YORK,NY,10023,NYP
New York Presbyterian,1063846780,NEW YORK PRESBYTERIAN,General Acute Care Hospital,516 W 167TH ST APT 14,NEW YORK,NY,10032,NYP
New York Presbyterian,1386915304,NEW YORK PRESBYTERIAN,General Acute Care Hospital,13168 231ST ST,LAURELTON,NY,11413,NYP
New York Presbyterian,1619120888,NEW YORK PRESBYTERIAN,Special Hospital,1320 YORK AVE,NEW YORK,NY,10021,NYP
New York Presbyterian,1871821249,NEW YORK PRESBYTERIAN,"Clinic/Center, Primary Care",622 W. 168TH STREET,NEW YORK,NY,10032,NYP
New York Presbyterian,1922304583,NEW YORK PRESBYTERIAN,General Acute Care Hospital,525 EAST 68TH STREET,NEW YORK,NY,10065,NYP
New York Presbyterian,1235388034,NEW YORK PRESBYTERIAN,General Acute Care Hospital,445 E 68TH ST,NEW YORK,NY,10065,NYP
New York Presbyterian,1497704464,NEW YORK PRESBYTERIAN,"Psychiatry & Neurology, Psychiatry",21 BLOOMINGDALE RD,WHITE PLAINS,NY,10605,NYP
New York Presbyterian,1750548749,NEW YORK PRESBYTERIAN - WEILL CORNELL,General Acute Care Hospital,525 E 68TH ST,NEW YORK,NY,10065,NYP
New York Presbyterian,1710137542,NEW YORK PRESBYTERIAN CORNELL,General Acute Care Hospital,525 E 68TH ST,NEW YORK,NY,10065,NYP
New York Presbyterian,1578687448,NEW YORK PRESBYTERIAN HOSP-COLUMBIA,General Acute Care Hospital,3959 BROADWAY,NEW YORK,NY,10032,NYP
New York Presbyterian,1871639773,NEW YORK PRESBYTERIAN HOSPITAL,Psychiatric Hospital,21 BLOOMINGDALE RD,WHITE PLAINS,NY,10605,NYP
New York Presbyterian,1871619692,NEW YORK PRESBYTERIAN HOSPITAL,General Acute Care Hospital,622 W 168TH ST,NEW YORK,NY,10032,NYP
New York Presbyterian,1912029232,NEW YORK PRESBYTERIAN HOSPITAL,General Acute Care Hospital,3959 BROADWAY,NEW YORK,NY,10032,NYP
New York Presbyterian,1659590842,NEW YORK PRESBYTERIAN HOSPITAL,Physical Therapist,1760 63RD ST APT 3R,BROOKLYN,NY,11204,NYP
New York Presbyterian,1588814222,NEW YORK PRESBYTERIAN HOSPITAL,Psychiatric Hospital,622 WEST 168 STREET,NEW YORK,NY,10032,NYP
New York Presbyterian,1790912640,NEW YORK PRESBYTERIAN HOSPITAL,General Acute Care Hospital,1320 YORK AVE APT 18D,NEW YORK,NY,10021,NYP
New York Presbyterian,1043625692,NEW YORK PRESBYTERIAN HOSPITAL,General Acute Care Hospital,630 W 168TH ST,NEW YORK,NY,10032,NYP
New York Presbyterian,1821257536,NEW YORK PRESBYTERIAN HOSPITAL,"General Acute Care Hospital, Children",525 E 68TH ST,NEW YORK,NY,10065,NYP
New York Presbyterian,1114044021,NEW YORK PRESBYTERIAN HOSPITAL,"General Acute Care Hospital, Children",535 DEAN ST APT 908,BROOKLYN,NY,11217,NYP
New York Presbyterian,1053520973,NEW YORK PRESBYTERIAN HOSPITAL,General Acute Care Hospital,622 W 168TH ST,NEW YORK,NY,10032,NYP
New York Presbyterian,1508117599,NEW YORK PRESBYTERIAN HOSPITAL,General Acute Care Hospital,525 E 68TH ST,NEW YORK,NY,10065,NYP
New York Presbyterian,1396062352,NEW YORK PRESBYTERIAN HOSPITAL,General Acute Care Hospital,177 FORT WASHINGTON AVE,NEW YORK,NY,10032,NYP
New York Presbyterian,1285041160,NEW YORK PRESBYTERIAN HOSPITAL,"General Acute Care Hospital, Children",106 W 96TH ST APT 2B,NEW YORK,NY,10025,NYP
New York Presbyterian,1760512826,NEW YORK PRESBYTERIAN HOSPITAL,General Acute Care Hospital,525 E 68TH ST,NEW YORK,NY,10021,NYP
New York Presbyterian,1164688826,NEW YORK PRESBYTERIAN HOSPITAL,"General Acute Care Hospital, Children",3959 BROADWAY # BHN-616,NEW YORK,NY,10032,NYP
New York Presbyterian,1700047636,NEW YORK PRESBYTERIAN HOSPITAL,General Acute Care Hospital,205 PINEHURST AVE,NEW YORK,NY,10032,NYP
New York Presbyterian,1275792863,NEW YORK PRESBYTERIAN HOSPITAL,General Acute Care Hospital,525 EAST 68TH STREET,NEW YORK,NY,10065,NYP
New York Presbyterian,1457685208,NEW YORK PRESBYTERIAN HOSPITAL,General Acute Care Hospital,525 E 68TH ST,NEW YORK,NY,10065,NYP
New York Presbyterian,1215370762,NEW YORK PRESBYTERIAN HOSPITAL,General Acute Care Hospital,15 BEACH RD,GREAT NECK,NY,11023,NYP
New York Presbyterian,1407148000,NEW YORK PRESBYTERIAN HOSPITAL,Special Hospital,177 FORT WASHINGTON AVE,NEW YORK,NY,10032,NYP
New York Presbyterian,1568676880,NEW YORK PRESBYTERIAN HOSPITAL,General Acute Care Hospital,525 E 68TH ST,NEW YORK,NY,10021,NYP
New York Presbyterian,1689895559,NEW YORK PRESBYTERIAN HOSPITAL,Physical Therapist,622 W 168TH ST,NEW YORK,NY,10032,NYP
New York Presbyterian,1194942201,NEW YORK PRESBYTERIAN HOSPITAL,General Acute Care Hospital,5141 BROADWAY,NEW YORK,NY,10034,NYP
New York Presbyterian,1588831796,NEW YORK PRESBYTERIAN HOSPITAL,Psychiatric Hospital,525 E 68TH ST,NEW YORK,NY,10065,NYP
New York Presbyterian,1144524059,NEW YORK PRESBYTERIAN HOSPITAL,"Clinic/Center, Genetics",505 E 70TH ST,NEW YORK,NY,10021,NYP
New York Presbyterian,1710331426,NEW YORK PRESBYTERIAN HOSPITAL,Dermatology,161 FORT WASHINGTON AVE,NEW YORK,NY,10032,NYP
New York Presbyterian,1568903581,NEW YORK PRESBYTERIAN HOSPITAL,General Acute Care Hospital,622 W 168TH ST,NEW YORK,NEW YORK,10032,NYP
New York Presbyterian,1639436579,NEW YORK PRESBYTERIAN HOSPITAL,Student in an Organized Health Care Education/Training Program,525 E 68TH ST,NEW YORK,NY,10065,NYP
New York Presbyterian,1790808483,NEW YORK PRESBYTERIAN HOSPITAL,General Acute Care Hospital,622 W 168TH ST,NEW YORK,NY,10032,NYP
New York Presbyterian,1013056241,NEW YORK PRESBYTERIAN HOSPITAL,Chronic Disease Hospital,436 E 69TH ST,NEW YORK,NY,10021,NYP
New York Presbyterian,1427200526,NEW YORK PRESBYTERIAN HOSPITAL,General Acute Care Hospital,1320 YORK AVE,NEW YORK,NY,10021,NYP
New York Presbyterian,1972828564,NEW YORK PRESBYTERIAN HOSPITAL,General Acute Care Hospital,525 E 68TH ST # 140,NEW YORK,NY,10065,NYP
New York Presbyterian,1336520048,NEW YORK PRESBYTERIAN HOSPITAL,"Dietitian, Registered",622 W 168TH ST,NEW YORK,NY,10032,NYP
New York Presbyterian,1063894822,NEW YORK PRESBYTERIAN HOSPITAL,"General Acute Care Hospital, Critical Access",5141 BROADWAY,NEW YORK,NY,10034,NYP
New York Presbyterian,1043662240,NEW YORK PRESBYTERIAN HOSPITAL,Clinic/Center,525 E 68TH ST,NEW YORK,NY,10065,NYP
New York Presbyterian,1356634570,NEW YORK PRESBYTERIAN HOSPITAL - COLUMBIA MEDICAL CENTER,Student in an Organized Health Care Education/Training Program,622 WEST 168TH STREET,NEW YORK,NY,10032,NYP
New York Presbyterian,1396904231,NEW YORK PRESBYTERIAN HOSPITAL - CORNELL MEDICAL CENTER,General Acute Care Hospital,525 E 68TH ST,NEW YORK,NY,10065,NYP
New York Presbyterian,1154622298,NEW YORK PRESBYTERIAN HOSPITAL - WEILL CORNELL,General Acute Care Hospital,525 E 68TH ST,NEW YORK,NY,10065,NYP
New York Presbyterian,1801046446,NEW YORK PRESBYTERIAN HOSPITAL WEILL CORNELL MEDICAL CENTER,Special Hospital,525 E 68TH ST,NEW YORK,NY,10065,NYP
New York Presbyterian,1891911087,NEW YORK PRESBYTERIAN HOSPITAL WEILL MEDICAL COLLEGE,General Acute Care Hospital,525 EAST 68TH STREET,NEW YORK,NY,10021,NYP
New York Presbyterian,1700805751,"NEW YORK PRESBYTERIAN HOSPITAL, INC",Nutritionist,525 E 68TH ST,NEW YORK,NY,10021,NYP
New York Presbyterian,1427509322,NEW YORK PRESBYTERIAN HOSPITAL- MORGAN STANLEY CHILDREN'S HOSPITAL,"General Acute Care Hospital, Children",3959 BROADWAY,NEW YORK,NY,10032,NYP
New York Presbyterian,1619325677,NEW YORK PRESBYTERIAN HOSPITAL-MORGAN STANLEY CHILDREN'S HOSPITAL,"General Acute Care Hospital, Children",3959 BROADWAY,NEW YORK,NY,10032,NYP
New York Presbyterian,1558528620,NEW YORK PRESBYTERIAN HOSPITAL-WEILL CORNELL,General Acute Care Hospital,505 E 70TH ST STE 400,NEW YORK,NY,10021,NYP
New York Presbyterian,1326207994,NEW YORK PRESBYTERIAN HOSPTIAL-WEILL CORNELL,General Acute Care Hospital,525 E 70TH ST,NEW YORK,NY,10021,NYP
New York Presbyterian,1396921839,NEW YORK PRESBYTERIAN MEDICAL CENTER,General Acute Care Hospital,5141 BROADWAY,NEW YORK,NY,10034,NYP
New York Presbyterian,1215050307,NEW YORK PRESBYTERIAN MEDICAL CENTER,General Acute Care Hospital,180 FORT WASHINGTON AVE,NEW YORK,NY,10032,NYP
New York Presbyterian,1659807162,NEW YORK PRESBYTERIAN QUEENS,General Acute Care Hospital,5645 MAIN ST,FLUSHING,NY,11355,NYP
New York Presbyterian,1164954632,NEW YORK PRESBYTERIAN QUEENS,General Acute Care Hospital,5645 MAIN ST,FLUSHING,NY,11355,NYP
New York Presbyterian,1720384969,NEW YORK PRESBYTERIAN WEILL CENTER,General Acute Care Hospital,525 E 68TH ST,NEW YORK,NY,10065,NYP
New York Presbyterian,1588020994,NEW YORK PRESBYTERIAN WEILL CORNELL,General Acute Care Hospital,3025 OCEAN AVE APT 4B,BROOKLYN,NY,11235,NYP
New York Presbyterian,1316744972,NEW YORK PRESBYTERIAN WEILL CORNELL,"Dentist, General Practice",525 E 68TH ST,NEW YORK,NY,10065,NYP
New York Presbyterian,1053119479,NEW YORK PRESBYTERIAN WEILL CORNELL MEDICINE,Student in an Organized Health Care Education/Training Program,525 E 68TH ST # 139,NEW YORK,NY,10065,NYP
New York Presbyterian,1760923965,NEW YORK PRESBYTERIAN- COLUMBIA UNIVERSITY MEDICAL CENTER,General Acute Care Hospital,622 W 168TH ST,NEW YORK,NY,10032,NYP
New York Presbyterian,1649705633,NEW YORK PRESBYTERIAN-QUEENS,General Acute Care Hospital,5645 MAIN ST,FLUSHING,NY,11355,NYP
New York Presbyterian,1669908273,NEW YORK PRESBYTERIAN-QUEENS,General Acute Care Hospital,5645 MAIN ST,FLUSHING,NY,11355,NYP
New York Presbyterian,1073765566,NEW YORK PRESBYTERIAN/WEILL CORNELL HOSPITAL,"General Acute Care Hospital, Critical Access",525 E 68TH ST,NEW YORK,NY,10065,NYP
New York Presbyterian,1538276126,SNYH CORNELL CRNA ANESTHESIA,Registered Nurse,525 E 68TH ST,NEW YORK,NY,10021,NYP
New York Presbyterian,1144504044,THE NEW YORK AND PRESBYTERIAN HOSPITAL,General Acute Care Hospital,525 E 68TH ST,NEW YORK,NY,10065,NYP
Mount Sinai,1689838047,COSMETIC CLINIC DERMATOLOGY,General Acute Care Hospital,5 E 98TH ST FL 5,NEW YORK,NY,10029,Mount Sinai
Mount Sinai,1154696615,FACULTY PRACTICE ASSOCIATES MOUNT SINAI SCHOOL OF MEDICINE,Emergency Medicine,638 COLUMBUS AVE,NEW YORK,NY,10024,Mount Sinai
Mount Sinai,1962743575,FPA HOSPITAL BASED,"Pathology, Anatomic Pathology & Clinical Pathology",1468 MADISON AVE,NEW YORK,NY,10029,Mount Sinai
Mount Sinai,1326389826,FPA HOSPITAL BASED,"Pathology, Anatomic Pathology & Clinical Pathology",1 GUSTAVE L LEVY PL,NEW YORK,NY,10029,Mount Sinai
Mount Sinai,1841531795,FPA HOSPITAL BASED,"Pathology, Dermatopathology",1468 MADISON AVE,NEW YORK,NY,10029,Mount Sinai
Mount Sinai,1609263177,FPA OUT OF NETWORK,Dermatology,ONE GUSTAVE L. LEVY PLACE,NEW YORK,NY,10029,Mount Sinai
Mount Sinai,1902420144,ICAHN SCHOOL OF MEDICINE AT MOUNT SINAI,,485 MERRICK RD,ROCKVILLE CENTRE,NY,11570,Mount Sinai
Mount Sinai,1174016984,ICAHN SCHOOL OF MEDICINE AT MOUNT SINAI,,1 HEALTHY WAY,OCEANSIDE,NY,11572,Mount Sinai
Mount Sinai,1437641636,ICAHN SCHOOL OF MEDICINE AT MOUNT SINAI,Pediatrics,196 MERRICK RD,OCEANSIDE,NY,11572,Mount Sinai
Mount Sinai,1477932275,ICAHN SCHOOL OF MEDICINE AT MOUNT SINAI,Internal Medicine,25-10 30TH AVENUE,ASTORIA,NY,11102,Mount Sinai
Mount Sinai,1962756932,ICAHN SCHOOL OF MEDICINE AT MOUNT SINAI,"Internal Medicine, Pulmonary Disease",7901 BROADWAY,ELMHURST,NY,11373,Mount Sinai
Mount Sinai,1437403409,ICAHN SCHOOL OF MEDICINE AT MOUNT SINAI,Oral & Maxillofacial Surgery,7901 BROADWAY,ELMHURST,NY,11373,Mount Sinai
Mount Sinai,1487016507,ICAHN SCHOOL OF MEDICINE AT MOUNT SINAI,"Internal Medicine, Cardiovascular Disease",200 OLD COUNTRY RD,MINEOLA,NY,11501,Mount Sinai
Mount Sinai,1689928657,ICAHN SCHOOL OF MEDICINE AT MOUNT SINAI,Internal Medicine,7901 BROADWAY,ELMHURST,NY,11373,Mount Sinai
Mount Sinai,1720570161,ICAHN SCHOOL OF MEDICINE AT MOUNT SINAI,"Internal Medicine, Cardiovascular Disease",1 HEALTHY WAY,OCEANSIDE,NY,11572,Mount Sinai
Mount Sinai,1477177400,ICAHN SCHOOL OF MEDICINE AT MOUNT SINAI,"Radiology, Diagnostic Radiology",185 MERRICK RD,OCEANSIDE,NY,11572,Mount Sinai
Mount Sinai,1366934796,ICAHN SCHOOL OF MEDICINE AT MOUNT SINAI,"Psychiatry & Neurology, Psychiatry",1 HEALTHY WAY,OCEANSIDE,NY,11572,Mount Sinai
Mount Sinai,1255719563,ICAHN SCHOOL OF MEDICINE AT MOUNT SINAI,Internal Medicine,300 CADMAN PLAZA WEST,BROOKLYN,NY,11201,Mount Sinai
Mount Sinai,1912499401,ICAHN SCHOOL OF MEDICINE AT MOUNT SINAI,"Internal Medicine, Hematology & Oncology",2209 MERRICK RD STE 101,MERRICK,NY,11566,Mount Sinai
Mount Sinai,1902523251,ICAHN SCHOOL OF MEDICINE AT MOUNT SINAI,Internal Medicine,415 10TH AVENUE,NEW YORK,NY,10001,Mount Sinai
Mount Sinai,1548752504,ICAHN SCHOOL OF MEDICINE AT MOUNT SINAI,"Radiology, Diagnostic Radiology",185 MERRICK RD,OCEANSIDE,NY,11572,Mount Sinai
Mount Sinai,1144844317,ICAHN SCHOOL OF MEDICINE AT MOUNT SINAI,"Radiology, Diagnostic Radiology",485 MERRICK RD,ROCKVILLE CENTRE,NY,11570,Mount Sinai
Mount Sinai,1801389614,ICAHN SCHOOL OF MEDICINE AT MOUNT SINAI,Surgery,1 HEALTHY WAY,OCEANSIDE,NY,11572,Mount Sinai
Mount Sinai,1013489426,ICAHN SCHOOL OF MEDICINE AT MOUNT SINAI,"Psychiatry & Neurology, Behavioral Neurology & Neuropsychiatry",11 MADISON AVE # LEVEL1B,NEW YORK,NY,10010,Mount Sinai
Mount Sinai,1346721289,ICAHN SCHOOL OF MEDICINE AT MOUNT SINAI,"Clinic/Center, Urgent Care",7901 BROADWAY RM A1-19,ELMHURST,NY,11373,Mount Sinai
Mount Sinai,1477926384,ICAHN SCHOOL OF MEDICINE AT MOUNT SINAI,"Internal Medicine, Cardiovascular Disease",11 RALPH PL,STATEN ISLAND,NY,10304,Mount Sinai
Mount Sinai,1326525320,ICAHN SCHOOL OF MEDICINE AT MOUNT SINAI,"Internal Medicine, Gastroenterology",2965 LONG BEACH RD,OCEANSIDE,NY,11572,Mount Sinai
Mount Sinai,1417201484,ICAHN SCHOOL OF MEDICINE AT MOUNT SINAI,"Internal Medicine, Cardiovascular Disease",7901 BROADWAY,ELMHURST,NY,11373,Mount Sinai
Mount Sinai,1609120674,ICAHN SCHOOL OF MEDICINE AT MOUNT SINAI,Orthopaedic Surgery,7901 BROADWAY,ELMHURST,NY,11373,Mount Sinai
Mount Sinai,1871847848,ICAHN SCHOOL OF MEDICINE AT MOUNT SINAI,"Internal Medicine, Geriatric Medicine",7901 BROADWAY,ELMHURST,NY,11373,Mount Sinai
Mount Sinai,1184977324,ICAHN SCHOOL OF MEDICINE AT MOUNT SINAI,Internal Medicine,7901 BROADWAY,ELMHURST,NY,11373,Mount Sinai
Mount Sinai,1780111484,ICAHN SCHOOL OF MEDICINE AT MOUNT SINAI,Internal Medicine,3201 KINGS HWY,BROOKLYN,NY,11234,Mount Sinai
Mount Sinai,1508795089,ICAHN SCHOOL OF MEDICINE AT MOUNT SINAI,"Dermatology, Dermatopathology",533 W 57TH ST FL 6,NEW YORK,NY,10019,Mount Sinai
Mount Sinai,1407470453,ICAHN SCHOOL OF MEDICINE AT MOUNT SINAI,Physiological Laboratory,119 N PARK AVE,ROCKVILLE CENTRE,NY,11570,Mount Sinai
Mount Sinai,1417449976,ICAHN SCHOOL OF MEDICINE AT MOUNT SINAI,"Internal Medicine, Cardiovascular Disease",1 HEALTHY WAY,OCEANSIDE,NY,11572,Mount Sinai
Mount Sinai,1679083984,ICAHN SCHOOL OF MEDICINE AT MOUNT SINAI,Emergency Medicine,150 E 42ND ST FL 10,NEW YORK,NY,10017,Mount Sinai
Mount Sinai,1811511702,ICAHN SCHOOL OF MEDICINE AT MOUNT SINAI,"Radiology, Diagnostic Radiology",185 MERRICK RD,OCEANSIDE,NY,11572,Mount Sinai
Mount Sinai,1104162700,ICAHN SCHOOL OF MEDICINE AT MOUNT SINAI,"Pathology, Anatomic Pathology & Clinical Pathology",1 GUSTAVE L LEVY PL,NEW YORK,NY,10029,Mount Sinai
Mount Sinai,1043702491,ICAHN SCHOOL OF MEDICINE AT MOUNT SINAI,Hospitalist,1 HEALTHY WAY,OCEANSIDE,NY,11572,Mount Sinai
Mount Sinai,1619221686,ICAHN SCHOOL OF MEDICINE AT MOUNT SINAI,"Radiology, Diagnostic Radiology",7901 BROADWAY,ELMHURST,NY,11373,Mount Sinai
Mount Sinai,1740773936,ICAHN SCHOOL OF MEDICINE AT MOUNT SINAI,"Internal Medicine, Hematology & Oncology",1910 RICHMOND RD,STATEN ISLAND,NY,10306,Mount Sinai
Mount Sinai,1598257644,ICAHN SCHOOL OF MEDICINE AT MOUNT SINAI,Physical Medicine & Rehabilitation,440 MERRICK RD,OCEANSIDE,NY,11572,Mount Sinai
Mount Sinai,1063766038,ICAHN SCHOOL OF MEDICINE AT MOUNT SINAI,Anesthesiology,7901 BROADWAY,ELMHURST,NY,11373,Mount Sinai
Mount Sinai,1770837742,ICAHN SCHOOL OF MEDICINE AT MOUNT SINAI,Emergency Medicine,7901 BROADWAY,ELMHURST,NY,11373,Mount Sinai
Mount Sinai,1972857944,ICAHN SCHOOL OF MEDICINE AT MOUNT SINAI,"Pediatrics, Pediatric Emergency Medicine",7901 BROADWAY,ELMHURST,NY,11373,Mount Sinai
Mount Sinai,1306151865,ICAHN SCHOOL OF MEDICINE AT MOUNT SINAI,Internal Medicine,1 GUSTAVE L LEVY PL,NEW YORK,NY,10029,Mount Sinai
Mount Sinai,1962994020,ICAHN SCHOOL OF MEDICINE AT MOUNT SINAI,"Pathology, Anatomic Pathology & Clinical Pathology",1 HEALTHY WAY,OCEANSIDE,NY,11572,Mount Sinai
Mount Sinai,1780938753,ICAHN SCHOOL OF MEDICINE AT MOUNT SINAI,"Internal Medicine, Nephrology",7901 BROADWAY,ELMHURST,NY,11373,Mount Sinai
Mount Sinai,1518211580,ICAHN SCHOOL OF MEDICINE AT MOUNT SINAI,Pediatrics,7901 BROADWAY,ELMHURST,NY,11373,Mount Sinai
Mount Sinai,1073867040,ICAHN SCHOOL OF MEDICINE AT MOUNT SINAI,Surgery,7901 BROADWAY,ELMHURST,NY,11373,Mount Sinai
Mount Sinai,1942792304,ICAHN SCHOOL OF MEDICINE AT MOUNT SINAI,Internal Medicine,196 MERRICK RD,OCEANSIDE,NY,11572,Mount Sinai
Mount Sinai,1578817540,ICAHN SCHOOL OF MEDICINE AT MOUNT SINAI,Obstetrics & Gynecology,7901 BROADWAY,ELMHURST,NY,11373,Mount Sinai
Mount Sinai,1578013421,ICAHN SCHOOL OF MEDICINE AT MOUNT SINAI,Internal Medicine,315 W 50TH ST,NEW YORK,NY,10019,Mount Sinai
Mount Sinai,1720570922,ICAHN SCHOOL OF MEDICINE AT MOUNT SINAI,"Obstetrics & Gynecology, Maternal & Fetal Medicine",196 MERRICK RD,OCEANSIDE,NY,11572,Mount Sinai
Mount Sinai,1154813350,ICAHN SCHOOL OF MEDICINE AT MOUNT SINAI,Obstetrics & Gynecology,196 MERRICK RD,OCEANSIDE,NY,11572,Mount Sinai
Mount Sinai,1447008446,ICAHN SCHOOL OF MEDICINE AT MOUNT SINAI,Anesthesiology,1 GUSTAVE L LEVY PL # 4500,NEW YORK,NY,10029,Mount Sinai
Mount Sinai,1245883891,ICAHN SCHOOL OF MEDICINE AT MOUNT SINAI,Colon & Rectal Surgery,1100 FRANKLIN AVE STE 203,GARDEN CITY,NY,11530,Mount Sinai
Mount Sinai,1528486917,MOUNT SINAI,Chronic Disease Hospital,1 GUSTAVE L LEVY PL,NEW YORK,NY,10029,Mount Sinai
Mount Sinai,1740940444,MOUNT SINAI,"Nurse Practitioner, Family",310 E 14TH ST,NEW YORK,NY,10003,Mount Sinai
Mount Sinai,1235514548,MOUNT SINAI,Student in an Organized Health Care Education/Training Program,8268 164TH ST,JAMAICA,NY,11432,Mount Sinai
Mount Sinai,1649684127,MOUNT SINAI,Chronic Disease Hospital,230 W 17TH ST,NEW YORK,NY,10011,Mount Sinai
Mount Sinai,1457644882,MOUNT SINAI,General Acute Care Hospital,5 E 98TH ST,NEW YORK,NY,10029,Mount Sinai
Mount Sinai,1629410592,MOUNT SINAI,"General Acute Care Hospital, Critical Access",1468 MADISON AVE,NEW YORK,NY,10029,Mount Sinai
Mount Sinai,1093221244,MOUNT SINAI,"Otolaryngology, Otolaryngology/Facial Plastic Surgery",1000 10TH AVE,NEW YORK,NY,10019,Mount Sinai
Mount Sinai,1558686733,MOUNT SINAI - MANHATTAN CARDIAC ARRHYTHMIA,"Internal Medicine, Clinical Cardiac Electrophysiology",210 E 86TH ST,NEW YORK,NY,10028,Mount Sinai
Mount Sinai,1285178855,MOUNT SINAI ADOLESCENT HEALTH CENTER,"Dietitian, Registered, Nutrition, Pediatric",320 E 94TH ST,NEW YORK,NY,10128,Mount Sinai
Mount Sinai,1134585953,MOUNT SINAI BETH ISRAEL,General Acute Care Hospital,10 NATHAN D PERLMAN PL,NEW YORK,NY,10003,Mount Sinai
Mount Sinai,1558730556,MOUNT SINAI BETH ISRAEL,General Acute Care Hospital,2167 SAWKILL RUBY RD,KINGSTON,NY,12401,Mount Sinai
Mount Sinai,1588067813,MOUNT SINAI BETH ISRAEL,General Acute Care Hospital,317 E 17TH ST STE 2F05,NEW YORK,NY,10003,Mount Sinai
Mount Sinai,1669845566,MOUNT SINAI BETH ISRAEL,"Clinic/Center, Medical Specialty",350 E 17TH ST,NEW YORK,NY,10003,Mount Sinai
Mount Sinai,1285170514,MOUNT SINAI BETH ISREAL,"Rehabilitation, Substance Use Disorder Unit",429-35 SECOND AVENUE,NY,NY,10010,Mount Sinai
Mount Sinai,1558728352,MOUNT SINAI BETH ISREAL,"Clinic/Center, Oncology, Radiation",10 UNION SQ E,NEW YORK,NY,10003,Mount Sinai
Mount Sinai,1245104694,MOUNT SINAI BI,Hospitalist,1230 HEMPSTEAD TPKE,FRANKLIN SQUARE,NY,11010,Mount Sinai
Mount Sinai,1760719603,MOUNT SINAI DEPARTMENT OF ORTHOPAEDIC SURGERY,Specialist,17 E 102ND ST,NEW YORK,NY,10029,Mount Sinai
Mount Sinai,1326311614,MOUNT SINAI DEPARTMENT OF ORTHOPAEDIC SURGERY,"Orthopaedic Surgery, Orthopaedic Surgery of the Spine",305 W GRAND AVE,MONTVALE,NJ,07645,Mount Sinai
Mount Sinai,1790012599,MOUNT SINAI DEPARTMENT OF ORTHOPAEDIC SURGERY,Specialist,2800 MARCUS AVE,NEW HYDE PARK,NY,11042,Mount Sinai
Mount Sinai,1669476156,MOUNT SINAI DIAGNOSTIC AND TREATMENT CENTER,Clinic/Center,1 GUSTAVE L LEVY PL,NEW YORK,NY,10029,Mount Sinai
Mount Sinai,1972806727,MOUNT SINAI FACULTY PRACTICE,"Clinic/Center, Dental",1 GUSTAVE L LEVY PL,NEW YORK,NY,10029,Mount Sinai
Mount Sinai,1871028787,MOUNT SINAI HEALTH INC,Pharmacy,1086 N BROADWAY,YONKERS,NY,10701,Mount Sinai
Mount Sinai,1255806246,MOUNT SINAI HEALTH INC.,"Pharmacy, Community/Retail Pharmacy",1086 N BROADWAY STE 155,YONKERS,NY,10701,Mount Sinai
Mount Sinai,1457725673,MOUNT SINAI HOSPITAL,General Acute Care Hospital,10 AMSTERDAM AVE,NEW YORK,NY,10023,Mount Sinai
Mount Sinai,1265809255,MOUNT SINAI HOSPITAL,General Acute Care Hospital,355 BROADWAY,MASSAPEQUA PARK,NY,11762,Mount Sinai
Mount Sinai,1215953138,MOUNT SINAI HOSPITAL,"Internal Medicine, Critical Care Medicine",2510 30TH AVE,LONG ISLAND CITY,NY,11102,Mount Sinai
Mount Sinai,1396174215,MOUNT SINAI HOSPITAL,Internal Medicine,25-10 30TH AVENUE,LONG ISLAND CITY,NY,11102,Mount Sinai
Mount Sinai,1417925181,MOUNT SINAI HOSPITAL,"Clinic/Center, End-Stage Renal Disease (ESRD) Treatment",1 GUSTAVE L LEVY PL BLDG LEVEL,NEW YORK,NY,10029,Mount Sinai
Mount Sinai,1033186093,MOUNT SINAI HOSPITAL,Psychiatric Hospital,1 GUSTAVE L LEVY PL,NEW YORK,NY,10029,Mount Sinai
Mount Sinai,1588408421,MOUNT SINAI HOSPITAL,"Pharmacy, Community/Retail Pharmacy",3014 CRESCENT ST,ASTORIA,NY,11102,Mount Sinai
Mount Sinai,1245248939,MOUNT SINAI HOSPITAL,General Acute Care Hospital,2510 30TH AVE,LONG ISLAND CITY,NY,11102,Mount Sinai
Mount Sinai,1588391023,MOUNT SINAI HOSPITAL,"Pharmacy, Community/Retail Pharmacy",1407 MADISON AVE,NEW YORK,NY,10029,Mount Sinai
Mount Sinai,1073545422,MOUNT SINAI HOSPITAL,Surgery,2510 30TH AVE,LONG ISLAND CITY,NY,11102,Mount Sinai
Mount Sinai,1316111487,MOUNT SINAI HOSPITAL,General Acute Care Hospital,5 E 98TH ST,NEW YORK,NY,10029,Mount Sinai
Mount Sinai,1477154656,MOUNT SINAI HOSPITAL,"Pharmacy, Community/Retail Pharmacy",17 E 102ND ST FL 3,NEW YORK,NY,10029,Mount Sinai
Mount Sinai,1497992218,MOUNT SINAI HOSPITAL,General Acute Care Hospital,ONE GUSTAVE L. LEVY PLACE,NEW YORK,NY,10029,Mount Sinai
Mount Sinai,1336441559,MOUNT SINAI HOSPITAL,General Acute Care Hospital,1 GUSTAVE L LEVY PL,NEW YORK,NY,10029,Mount Sinai
Mount Sinai,1033555305,MOUNT SINAI HOSPITAL,Psychiatric Hospital,2027 GREENE AVE,RIDGEWOOD,NY,11385,Mount Sinai
Mount Sinai,1619944683,MOUNT SINAI HOSPITAL,"Clinic/Center, End-Stage Renal Disease (ESRD) Treatment",520 E 117TH ST,NEW YORK,NY,10035,Mount Sinai
Mount Sinai,1396165437,MOUNT SINAI HOSPITAL,General Acute Care Hospital,ONE GUSTAVE L. LEVY PLACE,NEW YORK,NY,10029,Mount Sinai
Mount Sinai,1083200695,MOUNT SINAI HOSPITAL,"Pharmacy, Specialty Pharmacy",1468 MADISON AVE,NEW YORK,NY,10029,Mount Sinai
Mount Sinai,1194112458,MOUNT SINAI HOSPITAL,General Acute Care Hospital,1 GUSTAV L LEVY PL,NEW YORK,NY,10029,Mount Sinai
Mount Sinai,1457736001,MOUNT SINAI HOSPITAL,"Clinic/Center, Oncology",1 GUSTAVE L LEVY PL,NEW YORK,NY,10029,Mount Sinai
Mount Sinai,1720004641,MOUNT SINAI HOSPITAL,"Internal Medicine, Cardiovascular Disease",2510 30TH AVE,LONG ISLAND CITY,NY,11102,Mount Sinai
Mount Sinai,1932243037,MOUNT SINAI HOSPITAL,Long Term Care Hospital,1 GUSTAVE L LEVY PLACE,NEW YORK,NY,10029,Mount Sinai
Mount Sinai,1508025305,MOUNT SINAI HOSPITAL,General Acute Care Hospital,1 GUSTAVE L. LEVY PLACE,NEW YORK,NY,10029,Mount Sinai
Mount Sinai,1013250174,MOUNT SINAI HOSPITAL,General Acute Care Hospital,1468 MADISON AVE,NEW YORK,NY,10029,Mount Sinai
Mount Sinai,1346512134,MOUNT SINAI HOSPITAL,General Acute Care Hospital,1 GUSTAVE L LEVY PL,NEW YORK,NY,10029,Mount Sinai
Mount Sinai,1669440327,MOUNT SINAI HOSPITAL,Rehabilitation Hospital,1 GUSTAVE L LEVY PL,NEW YORK,NY,10029,Mount Sinai
Mount Sinai,1164682340,MOUNT SINAI HOSPITAL,General Acute Care Hospital,1 GUSTAVE L LEVY PL,NEW YORK,NY,10029,Mount Sinai
Mount Sinai,1215278767,MOUNT SINAI HOSPITAL,Rehabilitation Hospital,1 GUSTAVE L LEVY PL,NEW YORK,NY,10029,Mount Sinai
Mount Sinai,1154626364,MOUNT SINAI HOSPITAL,General Acute Care Hospital,1 GUSTAVE L LEVY PL,NEW YORK,NY,10029,Mount Sinai
Mount Sinai,1710912423,MOUNT SINAI HOSPITAL,Clinic/Center,2715 30TH AVE,LONG ISLAND CITY,NY,11102,Mount Sinai
Mount Sinai,1033206362,MOUNT SINAI HOSPITAL,Clinical Medical Laboratory,1 GUSTAVE L LEVY PL,NEW YORK,NY,10029,Mount Sinai
Mount Sinai,1932103413,MOUNT SINAI HOSPITAL,General Acute Care Hospital,1 GUSTAVE L LEVY PL,NEW YORK,NY,10029,Mount Sinai
Mount Sinai,1952743346,MOUNT SINAI HOSPITAL,General Acute Care Hospital,249-21 THORNHILL AVENUE,LITTLE NECK,NY,11362,Mount Sinai
Mount Sinai,1851609796,MOUNT SINAI HOSPITAL,General Acute Care Hospital,320 E 94TH ST,NEW YORK,NY,10128,Mount Sinai
Mount Sinai,1770890410,MOUNT SINAI HOSPITAL EARLY INTERVENTION,General Acute Care Hospital,1 GUSTAVE L LEVY PL # 6000,NEW YORK,NY,10029,Mount Sinai
Mount Sinai,1205207875,MOUNT SINAI HOSPITAL MEDICAL CENTER,Physician Assistant,5 E 98TH ST,NEW YORK,NY,10029,Mount Sinai
Mount Sinai,1134492549,MOUNT SINAI HOSPITAL OF QUEENS,"Physician Assistant, Medical",2510 30TH AVE,LONG ISLAND CITY,NY,11102,Mount Sinai
Mount Sinai,1679596902,MOUNT SINAI HOSPITAL OF QUEENS PATHOLOGY,"Pathology, Anatomic Pathology & Clinical Pathology",2510 30TH AVE,LONG ISLAND CITY,NY,11102,Mount Sinai
Mount Sinai,1225295512,MOUNT SINAI HOSPITAL PHARMACY,General Acute Care Hospital,1 GUSTAVE L LEVY PL,NEW YORK,NY,10029,Mount Sinai
Mount Sinai,1316982424,MOUNT SINAI HOSPITAL QUEENS,General Acute Care Hospital,2510 30TH AVE,LONG ISLAND CITY,NY,11102,Mount Sinai
Mount Sinai,1568601342,MOUNT SINAI HOSPITAL-AMBULANCE,Ambulance,1 GUSTAVE L LEVY PL # 6000,NEW YORK,NY,10029,Mount Sinai
Mount Sinai,1831227925,MOUNT SINAI MEDICAL CENTER,"Clinic/Center, Research",1 GUSTAVE L LEVY PL,NEW YORK,NY,10029,Mount Sinai
Mount Sinai,1366672933,MOUNT SINAI MEDICAL CENTER,"Clinic/Center, Medical Specialty",5 E 98TH ST,NEW YORK,NY,10029,Mount Sinai
Mount Sinai,1003063280,MOUNT SINAI MEDICAL CENTER,General Acute Care Hospital,1 GUSTAVE L LEVY PL,NEW YORK,NY,10029,Mount Sinai
Mount Sinai,1750653911,MOUNT SINAI MEDICAL CENTER,General Acute Care Hospital,1 BALLANTINE LANE,GREAT NECK,NY,11024,Mount Sinai
Mount Sinai,1487797858,MOUNT SINAI MEDICAL CENTER,Psychiatric Unit,1450 MADISON AVE,NEW YORK,NY,10029,Mount Sinai
Mount Sinai,1922319771,MOUNT SINAI MEDICAL CENTER,"General Acute Care Hospital, Critical Access",526B SEAVIEW AVE,STATEN ISLAND,NY,10305,Mount Sinai
Mount Sinai,1275622276,MOUNT SINAI MEDICAL CENTER,General Acute Care Hospital,1 GUSTAVE L LEVY PL,NEW YORK,NY,10029,Mount Sinai
Mount Sinai,1285893057,MOUNT SINAI MEDICAL CENTER,General Acute Care Hospital,1425 MADISON AVE,NEW YORK,NY,10029,Mount Sinai
Mount Sinai,1386972008,MOUNT SINAI MEDICAL CENTER,General Acute Care Hospital,5 EAST 95TH ST,NEW YORK,NY,10029,Mount Sinai
Mount Sinai,1750663639,MOUNT SINAI MEDICAL CENTER,General Acute Care Hospital,1 GUSTAVE L LEVY PL,NEW YORK,NY,10029,Mount Sinai
Mount Sinai,1558894253,MOUNT SINAI MEDICAL CENTER,"Clinic/Center, Adolescent and Children Mental Health",1 GUSTAVE L LEVY PL,NEW YORK,NY,10029,Mount Sinai
Mount Sinai,1699953091,MOUNT SINAI MEDICAL CENTER,General Acute Care Hospital,1 GUSTAVE L LEVY PL,NEW YORK,NY,10029,Mount Sinai
Mount Sinai,1366721672,MOUNT SINAI MEDICAL CENTER,Psychiatric Unit,1 GUSTAVE L LEVY PL,NEW YORK,NY,10029,Mount Sinai
Mount Sinai,1679711626,MOUNT SINAI MEDICAL CENTER,General Acute Care Hospital,1 GUSTAVE L LEVY PL,NEW YORK,NY,10029,Mount Sinai
Mount Sinai,1104199520,MOUNT SINAI MEDICAL CENTER,"Clinic/Center, Occupational Medicine",1468 MADISON AVE,NEW YORK,NY,10029,Mount Sinai
Mount Sinai,1013444330,"MOUNT SINAI MEDICAL EQUIPMENT, INC",Durable Medical Equipment & Medical Supplies,7128 163RD ST,FRESH MEADOWS,NY,11365,Mount Sinai
Mount Sinai,1053800037,MOUNT SINAI MEDICAL SUPPLY 2 INC,Durable Medical Equipment & Medical Supplies,8010 162ND ST,JAMAICA,NY,11432,Mount Sinai
Mount Sinai,1780358234,MOUNT SINAI MORNINGSIDE HOSPITAL WEIGHT LOSS PROGRAM,Clinic/Center,1111 AMSTERDAM AVE # WH1020,NEW YORK,NY,10025,Mount Sinai
Mount Sinai,1659677037,MOUNT SINAI NORTH SHORE MEDICAL GROUP,Internal Medicine,59 SOUTHERN BLVD,NESCONSET,NY,11767,Mount Sinai
Mount Sinai,1538301528,MOUNT SINAI OF QUEENS,"Clinic/Center, Health Services",695 EAST 68TH ST,NEW YORK,NY,10021,Mount Sinai
Mount Sinai,1194435115,MOUNT SINAI OPTICAL 1 CORPORATION,"Technician/Technologist, Optician",5507 NESCONSET HWY,MOUNT SINAI,NY,11766,Mount Sinai
Mount Sinai,1609058593,MOUNT SINAI PEDIATRIC LIVER DISEASES,"Pediatrics, Pediatric Transplant Hepatology",1 GUSTAVE L LEVY PL,NEW YORK,NY,10029,Mount Sinai
Mount Sinai,1700301744,MOUNT SINAI PHARMACY INC,Pharmacy,720A E TREMONT AVE,BRONX,NY,10457,Mount Sinai
Mount Sinai,1275952384,MOUNT SINAI QUEENS,General Acute Care Hospital,"30-74 31ST STREET,",ASTORIA,NY,11102,Mount Sinai
Mount Sinai,1942696034,MOUNT SINAI QUEENS,General Acute Care Hospital,25-10 30TH AVENUE,ASTORIA,NY,11102,Mount Sinai
Mount Sinai,1699883884,MOUNT SINAI QUEENS FACULTY PRACTICE GROUP,Obstetrics & Gynecology,8268 164TH ST,JAMAICA,NY,11432,Mount Sinai
Mount Sinai,1639338635,MOUNT SINAI SCHOOL OF MEDICINE,Chronic Disease Hospital,777 FOSTER AVE,BROOKLYN,NY,11230,Mount Sinai
Mount Sinai,1952538498,MOUNT SINAI SCHOOL OF MEDICINE,"Pediatrics, Pediatric Transplant Hepatology",5 E 98TH ST,NEW YORK,NY,10029,Mount Sinai
Mount Sinai,1194907105,MOUNT SINAI SCHOOL OF MEDICINE,"Pediatrics, Pediatric Infectious Diseases",1 GUSTAVE L LEVY PL,NEW YORK,NY,10029,Mount Sinai
Mount Sinai,1417139411,MOUNT SINAI SCHOOL OF MEDICINE,"Pediatrics, Pediatric Hematology-Oncology",1 GUSTAVE L LEVY PL,NEW YORK,NY,10029,Mount Sinai
Mount Sinai,1790967685,MOUNT SINAI SCHOOL OF MEDICINE,"Pediatrics, Pediatric Endocrinology",1 GUSTAVE L LEVY PL,NEW YORK,NY,10029,Mount Sinai
Mount Sinai,1578745584,MOUNT SINAI SCHOOL OF MEDICINE,"Pediatrics, Pediatric Critical Care Medicine",1 GUSTAVE L LEVY PL,NEW YORK,NY,10029,Mount Sinai
Mount Sinai,1720260730,MOUNT SINAI SCHOOL OF MEDICINE,"Pediatrics, Pediatric Allergy/Immunology",1 GUSTAVE L LEVY PL,NEW YORK,NY,10029,Mount Sinai
Mount Sinai,1184806192,MOUNT SINAI SCHOOL OF MEDICINE,"Pediatrics, Pediatric Pulmonology",1 GUSTAVE L LEVY PL,NEW YORK,NY,10029,Mount Sinai
Mount Sinai,1528538774,MOUNT SINAI SCHOOL OF MEDICINE,Family Medicine,1790 BROADWAY STE 1802,NEW YORK,NY,10019,Mount Sinai
Mount Sinai,1720636483,MOUNT SINAI SCHOOL OF MEDICINE,Physiological Laboratory,185 MERRICK RD,OCEANSIDE,NY,11572,Mount Sinai
Mount Sinai,1164070827,MOUNT SINAI SCHOOL OF MEDICINE,Physiological Laboratory,119 N PARK AVE,ROCKVILLE CENTRE,NY,11570,Mount Sinai
Mount Sinai,1356360366,MOUNT SINAI SCHOOL OF MEDICINE,Rehabilitation Practitioner,5 E 98TH ST,NEW YORK,NY,10029,Mount Sinai
Mount Sinai,1326207705,MOUNT SINAI SCHOOL OF MEDICINE,"Internal Medicine, Cardiovascular Disease",143 05 HILLSIDE AVENUE,JAMAICA,NY,11435,Mount Sinai
Mount Sinai,1528087541,MOUNT SINAI SCHOOL OF MEDICINE,Clinical Neuropsychologist,5 E 98TH ST,NEW YORK,NY,10029,Mount Sinai
Mount Sinai,1588684989,MOUNT SINAI SCHOOL OF MEDICINE,"Internal Medicine, Endocrinology, Diabetes & Metabolism",1 GUSTAVE LEVY PLACE,NEW YORK,NY,10029,Mount Sinai
Mount Sinai,1346250008,MOUNT SINAI SCHOOL OF MEDICINE,Obstetrics & Gynecology,5 E 98TH ST,NEW YORK,NY,10029,Mount Sinai
Mount Sinai,1346266459,MOUNT SINAI SCHOOL OF MEDICINE,Internal Medicine,1 GUSTAVE L LEVY PLACE,NEW YORK,NY,10029,Mount Sinai
Mount Sinai,1932134772,MOUNT SINAI SCHOOL OF MEDICINE,Specialist,1190 5TH AVE BOX 1028,NEW YORK,NY,10029,Mount Sinai
Mount Sinai,1851521157,MOUNT SINAI SCHOOL OF MEDICINE,Urology,7901 BROADWAY,ELMHURST,NY,11373,Mount Sinai
Mount Sinai,1306867650,MOUNT SINAI SCHOOL OF MEDICINE,Nuclear Medicine,1 GUSTAVE L. LEVY PLACE,NEW YORK,NY,10029,Mount Sinai
Mount Sinai,1316986359,MOUNT SINAI SCHOOL OF MEDICINE,"Pathology, Dermatopathology",1428 MADISON AVE,NEW YORK,NY,10029,Mount Sinai
Mount Sinai,1720555964,MOUNT SINAI SCHOOL OF MEDICINE,,1 HEALTHY WAY,OCEANSIDE,NY,11572,Mount Sinai
Mount Sinai,1740505726,MOUNT SINAI SCHOOL OF MEDICINE,Pediatrics,1 GUSTAVE L LEVY PL,NEW YORK,NY,10029,Mount Sinai
Mount Sinai,1871718288,MOUNT SINAI SCHOOL OF MEDICINE,Transplant Surgery,5 EAST 98TH. STREET 12TH. FLOOR,NEW YORK,NY,10029,Mount Sinai
Mount Sinai,1013484039,MOUNT SINAI SCHOOL OF MEDICINE,"Internal Medicine, Hematology & Oncology",242 MERRICK RD STE 301,ROCKVILLE CENTRE,NY,11570,Mount Sinai
Mount Sinai,1477783777,MOUNT SINAI SCHOOL OF MEDICINE,"Internal Medicine, Gastroenterology",7901 BROADWAY,ELMHURST,NY,11373,Mount Sinai
Mount Sinai,1437626637,MOUNT SINAI SCHOOL OF MEDICINE,Hospitalist,1 HEALTHY WAY,OCEANSIDE,NY,11572,Mount Sinai
Mount Sinai,1942777347,MOUNT SINAI SCHOOL OF MEDICINE,"Internal Medicine, Cardiovascular Disease",10 E MERRICK RD STE 207,VALLEY STREAM,NY,11580,Mount Sinai
Mount Sinai,1275594434,MOUNT SINAI SCHOOL OF MEDICINE,"Internal Medicine, Geriatric Medicine",1440 MADISON AVE,NEW YORK,NY,10029,Mount Sinai
Mount Sinai,1891757340,MOUNT SINAI SCHOOL OF MEDICINE,Emergency Medicine,100TH ST AND MADISON AVE,NEW YORK,NY,10029,Mount Sinai
Mount Sinai,1013147313,MOUNT SINAI SCHOOL OF MEDICINE,Internal Medicine,7901 BROADWAY,ELMHURST,NY,11373,Mount Sinai
Mount Sinai,1588857528,MOUNT SINAI SCHOOL OF MEDICINE,Transplant Surgery,5 E 98TH ST,NEW YORK,NY,10029,Mount Sinai
Mount Sinai,1891862926,MOUNT SINAI SCHOOL OF MEDICINE,Internal Medicine,1 GUSTAVE L LEVY PL,NEW YORK,NY,10029,Mount Sinai
Mount Sinai,1043492051,MOUNT SINAI SCHOOL OF MEDICINE,"Pediatrics, Pediatric Gastroenterology",1 GUSTAVE L LEVY PL,NEW YORK,NY,10029,Mount Sinai
Mount Sinai,1376725382,MOUNT SINAI SCHOOL OF MEDICINE,"Pediatrics, Developmental - Behavioral Pediatrics",1 GUSTAVE L LEVY PL,NEW YORK,NY,10029,Mount Sinai
Mount Sinai,1982886990,MOUNT SINAI SCHOOL OF MEDICINE,Pediatrics,1 GUSTAVE L LEVY PL,NEW YORK,NY,10029,Mount Sinai
Mount Sinai,1063694958,MOUNT SINAI SCHOOL OF MEDICINE,"Pediatrics, Pediatric Endocrinology",1 GUSTAVE L LEVY PL,NEW YORK,NY,10029,Mount Sinai
Mount Sinai,1306562145,MOUNT SINAI SCHOOL OF MEDICINE,Emergency Medicine,1 HEALTHY WAY,OCEANSIDE,NY,11572,Mount Sinai
Mount Sinai,1518531342,MOUNT SINAI SCHOOL OF MEDICINE,Allergy & Immunology,1420 BROADWAY,HEWLETT,NY,11557,Mount Sinai
Mount Sinai,1508127531,MOUNT SINAI SCHOOL OF MEDICINE,Internal Medicine,1 HEALTHY WAY,OCEANSIDE,NY,11572,Mount Sinai
Mount Sinai,1215281910,MOUNT SINAI SCHOOL OF MEDICINE,Obstetrics & Gynecology,8268 164TH ST RM B265,JAMAICA,NY,11432,Mount Sinai
Mount Sinai,1023028685,MOUNT SINAI SCHOOL OF MEDICINE,"Pathology, Blood Banking & Transfusion Medicine",1 GUSTAVE LEVY PLACE,NEW YORK,NY,10029,Mount Sinai
Mount Sinai,1780787796,MOUNT SINAI SCHOOL OF MEDICINE,"Radiology, Diagnostic Radiology",1176 5TH AVE,NEW YORK,NY,10029,Mount Sinai
Mount Sinai,1396212536,MOUNT SINAI SCHOOL OF MEDICINE,"Radiology, Body Imaging",1 HEALTHY WAY,OCEANSIDE,NY,11572,Mount Sinai
Mount Sinai,1356818553,MOUNT SINAI SCHOOL OF MEDICINE,"Internal Medicine, Gastroenterology",2965 LONG BEACH RD,OCEANSIDE,NY,11572,Mount Sinai
Mount Sinai,1922238229,MOUNT SINAI SCHOOL OF MEDICINE,Emergency Medicine,7901 BROADWAY,ELMHURST,NY,11373,Mount Sinai
Mount Sinai,1467896423,MOUNT SINAI SCHOOL OF MEDICINE,Emergency Medicine,100TH ST AND MADISON AVE,NEW YORK,NY,10029,Mount Sinai
Mount Sinai,1386669802,MOUNT SINAI SCHOOL OF MEDICINE,"Clinic/Center, Community Health",345 E 102ND ST,NEW YORK,NY,10029,Mount Sinai
Mount Sinai,1255375986,MOUNT SINAI SCHOOL OF MEDICINE,Anesthesiology,79-01 BROADWAY,ELMHURST,NY,11373,Mount Sinai
Mount Sinai,1700806155,MOUNT SINAI SCHOOL OF MEDICINE,"Internal Medicine, Gastroenterology",1 GUSTAVE LEVY PLACE,NEW YORK,NY,10029,Mount Sinai
Mount Sinai,1386665008,MOUNT SINAI SCHOOL OF MEDICINE,"Internal Medicine, Infectious Disease",1 GUSTAVE LEVY PLACE,NEW YORK,NY,10029,Mount Sinai
Mount Sinai,1659393478,MOUNT SINAI SCHOOL OF MEDICINE,Rehabilitation Practitioner,5 E 98TH ST,NEW YORK,NY,10029,Mount Sinai
Mount Sinai,1992727754,MOUNT SINAI SCHOOL OF MEDICINE,Surgery,5 EAST 98TH STREET,NEW YORK,NY,10029,Mount Sinai
Mount Sinai,1316210891,MOUNT SINAI SCHOOL OF MEDICINE,"Internal Medicine, Cardiovascular Disease",485 MADISON AVE,NEW YORK,NY,10022,Mount Sinai
Mount Sinai,1801045646,MOUNT SINAI SCHOOL OF MEDICINE,Surgery,5 E 98TH ST FL 14,NEW YORK,NY,10029,Mount Sinai
Mount Sinai,1518987411,MOUNT SINAI SCHOOL OF MEDICINE,Specialist,5 EAST 98TH ST,NEW YORK,NY,10029,Mount Sinai
Mount Sinai,1053637504,MOUNT SINAI SCHOOL OF MEDICINE,Internal Medicine,1 GUSTAVE L.LEVY PLACE,NEW YORK,NY,10029,Mount Sinai
Mount Sinai,1891262093,MOUNT SINAI SCHOOL OF MEDICINE,Internal Medicine,196 MERRICK RD,OCEANSIDE,NY,11572,Mount Sinai
Mount Sinai,1669602967,MOUNT SINAI SCHOOL OF MEDICINE,"Pediatrics, Pediatric Emergency Medicine",7901 BROADWAY,ELMHURST,NY,11373,Mount Sinai
Mount Sinai,1629091921,MOUNT SINAI SCHOOL OF MEDICINE,"Internal Medicine, Hematology",I GUSTAVE LEVY PLACE,NEW YORK,NY,10029,Mount Sinai
Mount Sinai,1104056407,MOUNT SINAI SCHOOL OF MEDICINE,"Internal Medicine, Nephrology",7901 BROADWAY,ELMHURST,NY,11373,Mount Sinai
Mount Sinai,1740224559,MOUNT SINAI SCHOOL OF MEDICINE,"Medical Genetics, Ph.D. Medical Genetics",ONE GUSTAVE LEVY PL.,NEW YORK,NY,10029,Mount Sinai
Mount Sinai,1053921742,MOUNT SINAI SCHOOL OF MEDICINE,"Psychiatry & Neurology, Neurology",1 HEALTHY WAY,OCEANSIDE,NY,11572,Mount Sinai
Mount Sinai,1235311242,MOUNT SINAI SCHOOL OF MEDICINE,"Pediatrics, Pediatric Cardiology",1 GUSTAVE L LEVY PL,NEW YORK,NY,10029,Mount Sinai
Mount Sinai,1659539039,MOUNT SINAI SCHOOL OF MEDICINE,"Clinic/Center, Multi-Specialty",79-01 BROADWAY,ELMHURST,NY,11373,Mount Sinai
Mount Sinai,1720295215,MOUNT SINAI SCHOOL OF MEDICINE,Clinical Medical Laboratory,1428 MADISON AVE,NEW YORK,NY,10029,Mount Sinai
Mount Sinai,1528285871,MOUNT SINAI SCHOOL OF MEDICINE,Transplant Surgery,5 EAST 98TH. STREET 12TH. FLOOR,NEW YORK,NY,10029,Mount Sinai
Mount Sinai,1487121406,MOUNT SINAI SCHOOL OF MEDICINE,"Pathology, Clinical Pathology",1 HEALTHY WAY,OCEANSIDE,NY,11572,Mount Sinai
Mount Sinai,1952674434,MOUNT SINAI SCHOOL OF MEDICINE,"Internal Medicine, Cardiovascular Disease",485 MADISON AVE,NEW YORK,NY,10022,Mount Sinai
Mount Sinai,1942430244,MOUNT SINAI SCHOOL OF MEDICINE,Surgery,7901 BROADWAY,ELMHURST,NY,11373,Mount Sinai
Mount Sinai,1760612063,MOUNT SINAI SCHOOL OF MEDICINE,Pediatrics,7901 BROADWAY,ELMHURST,NY,11373,Mount Sinai
Mount Sinai,1962702340,MOUNT SINAI SCHOOL OF MEDICINE,"Internal Medicine, Cardiovascular Disease",1075 PARK AVE,NEW YORK,NY,10128,Mount Sinai
Mount Sinai,1225062557,MOUNT SINAI SCHOOL OF MEDICINE,Orthopaedic Surgery,5 E 98TH ST,NEW YORK,NY,10029,Mount Sinai
Mount Sinai,1821360223,MOUNT SINAI SCHOOL OF MEDICINE,"Internal Medicine, Interventional Cardiology",485 MADISON AVE,NEW YORK,NY,10022,Mount Sinai
Mount Sinai,1326515578,MOUNT SINAI SCHOOL OF MEDICINE,Surgery,196 MERRICK RD,OCEANSIDE,NY,11572,Mount Sinai
Mount Sinai,1669949681,MOUNT SINAI SCHOOL OF MEDICINE,Physical Medicine & Rehabilitation,440 MERRICK RD,OCEANSIDE,NY,11572,Mount Sinai
Mount Sinai,1720555089,MOUNT SINAI SCHOOL OF MEDICINE,"Internal Medicine, Hematology & Oncology",2209 MERRICK RD STE 101,MERRICK,NY,11566,Mount Sinai
Mount Sinai,1659392405,MOUNT SINAI SCHOOL OF MEDICINE,"Internal Medicine, Hematology & Oncology",1 GUSTAVE L LEVY PLACE,NEW YORK,NY,10029,Mount Sinai
Mount Sinai,1689819971,MOUNT SINAI SCHOOL OF MEDICINE,"Internal Medicine, Nephrology",7901 BROADWAY,ELMHURST,NY,11373,Mount Sinai
Mount Sinai,1386906584,MOUNT SINAI SCHOOL OF MEDICINE,"Internal Medicine, Cardiovascular Disease",177 E 87TH ST STE 507,NEW YORK,NY,10128,Mount Sinai
Mount Sinai,1710901137,MOUNT SINAI SCHOOL OF MEDICINE,Transplant Surgery,5 E 98TH ST,NEW YORK,NY,10029,Mount Sinai
Mount Sinai,1275557688,MOUNT SINAI SCHOOL OF MEDICINE,Specialist,1 GUSTAVE L LEVY PL,NEW YORK,NY,10029,Mount Sinai
Mount Sinai,1760733190,MOUNT SINAI SCHOOL OF MEDICINE,Internal Medicine,1 PIERREPONT PLZ,BROOKLYN,NY,11201,Mount Sinai
Mount Sinai,1811127194,MOUNT SINAI SCHOOL OF MEDICINE,Oral & Maxillofacial Surgery,7901 BROADWAY,ELMHURST,NY,11373,Mount Sinai
Mount Sinai,1124200134,MOUNT SINAI SCHOOL OF MEDICINE,"Pediatrics, Pediatric Nephrology",1 GUSTAVE L LEVY PL,NEW YORK,NY,10029,Mount Sinai
Mount Sinai,1437331444,MOUNT SINAI SCHOOL OF MEDICINE,"Pediatrics, Neurodevelopmental Disabilities",1 GUSTAVE L LEVY PL,NEW YORK,NY,10029,Mount Sinai
Mount Sinai,1437172335,MOUNT SINAI SCHOOL OF MEDICINE,Anesthesiology,2510 30TH AVE,ASTORIA,NY,11102,Mount Sinai
Mount Sinai,1144659749,MOUNT SINAI SCHOOL OF MEDICINE,Internal Medicine,1615 NORTHERN BLVD,MANHASSET,NY,11030,Mount Sinai
Mount Sinai,1508333956,MOUNT SINAI SCHOOL OF MEDICINE,"Psychiatry & Neurology, Psychiatry",175 FULTON AVE STE 309,HEMPSTEAD,NY,11550,Mount Sinai
Mount Sinai,1164725156,MOUNT SINAI SCHOOL OF MEDICINE,Internal Medicine,ONE GUSTAVE L.LEVY PLACE,NEW YORK,NY,10029,Mount Sinai
Mount Sinai,1578793873,MOUNT SINAI SCHOOL OF MEDICINE,"Internal Medicine, Cardiovascular Disease",7901 BROADWAY,ELMHURST,NY,11373,Mount Sinai
Mount Sinai,1629087267,MOUNT SINAI SCHOOL OF MEDICINE,"Pediatrics, Pediatric Nephrology",5 EAST 98TH. STREET 12TH. FLOOR,NEW YORK,NY,10029,Mount Sinai
Mount Sinai,1225058621,MOUNT SINAI SCHOOL OF MEDICINE,"Internal Medicine, Gastroenterology",1 GUSTAVE LEVY PLACE,NEW YORK,NY,10029,Mount Sinai
Mount Sinai,1841767993,MOUNT SINAI SCHOOL OF MEDICINE,Obstetrics & Gynecology,196 MERRICK RD,OCEANSIDE,NY,11572,Mount Sinai
Mount Sinai,1912213364,MOUNT SINAI SCHOOL OF MEDICINE,"Internal Medicine, Cardiovascular Disease",1185 PARK AVE,NEW YORK,NY,10128,Mount Sinai
Mount Sinai,1043394778,MOUNT SINAI SCHOOL OF MEDICINE,"Internal Medicine, Cardiovascular Disease",ONE GUSTAVE LEVY PLACE,NEW YORK,NY,10029,Mount Sinai
Mount Sinai,1447274865,MOUNT SINAI SCHOOL OF MEDICINE,,1184 5TH AVE,NEW YORK,NY,10029,Mount Sinai
Mount Sinai,1215181458,MOUNT SINAI SCHOOL OF MEDICINE,Clinical Medical Laboratory,1 GUSTAVE L LEVY PL,NEW YORK,NY,10029,Mount Sinai
Mount Sinai,1134149537,MOUNT SINAI SCHOOL OF MEDICINE,Allergy & Immunology,1 GUSTAVE LEVY PLACE,NEW YORK,NY,10029,Mount Sinai
Mount Sinai,1871723270,MOUNT SINAI SCHOOL OF MEDICINE,Obstetrics & Gynecology,7901 BROADWAY,ELMHURST,NY,11373,Mount Sinai
Mount Sinai,1396212445,MOUNT SINAI SCHOOL OF MEDICINE,"Pediatrics, Neonatal-Perinatal Medicine",8 N OCEANSIDE RD,ROCKVILLE CENTRE,NY,11570,Mount Sinai
Mount Sinai,1548286057,MOUNT SINAI SCHOOL OF MEDICINE,Urology,5 E 98TH ST FL 6,NEW YORK,NY,10029,Mount Sinai
Mount Sinai,1679594493,MOUNT SINAI SCHOOL OF MEDICINE,"Internal Medicine, Pulmonary Disease",1 GUSTAVE LEVY PLACE,NEW YORK,NY,10029,Mount Sinai
Mount Sinai,1023358801,MOUNT SINAI SCHOOL OF MEDICINE,Surgery,1 GUSTAVE L LEVY PL,NEW YORK,NY,10029,Mount Sinai
Mount Sinai,1720385297,MOUNT SINAI SCHOOL OF MEDICINE,"Internal Medicine, Cardiovascular Disease",1 GUSTAVE L LEVY PL,NEW YORK,NY,10029,Mount Sinai
Mount Sinai,1033133459,MOUNT SINAI SCHOOL OF MEDICINE,Anesthesiology,1 GUSTAVE L LEVY PL,NEW YORK,NY,10029,Mount Sinai
Mount Sinai,1558589010,MOUNT SINAI SCHOOL OF MEDICINE,Pediatrics,5 ESAT 98TH. STREET 12TH. FLOOR,NEW YORK,NY,10029,Mount Sinai
Mount Sinai,1568480523,MOUNT SINAI SCHOOL OF MEDICINE,Specialist,1176 5TH AVE,NEW YORK,NY,10029,Mount Sinai
Mount Sinai,1275570327,MOUNT SINAI SCHOOL OF MEDICINE,Psychiatric Hospital,1 GUSTAVE L LEVY PL,NEW YORK,NY,10029,Mount Sinai
Mount Sinai,1205018215,MOUNT SINAI SCHOOL OF MEDICINE,"Pediatrics, Neonatal-Perinatal Medicine",1 GUSTAVE L LEVY PL,NEW YORK,NY,10029,Mount Sinai
Mount Sinai,1265857726,MOUNT SINAI SCHOOL OF MEDICINE,"General Acute Care Hospital, Children",7901 BROADWAY,ELMHURST,NY,11373,Mount Sinai
Mount Sinai,1528359692,MOUNT SINAI SCHOOL OF MEDICINE,"Dentist, Oral and Maxillofacial Surgery",1 GUSTAVE L LEVY PL,NEW YORK,NY,10029,Mount Sinai
Mount Sinai,1215956172,MOUNT SINAI SCHOOL OF MEDICINE,"Internal Medicine, Rheumatology",1 GUSTAVE LEVY PLACE,NEW YORK,NY,10029,Mount Sinai
Mount Sinai,1679896153,MOUNT SINAI SCHOOL OF MEDICINE,"Internal Medicine, Hematology & Oncology",1 GUSTAVE L.LEVY PLACE,NEW YORK,NY,10029,Mount Sinai
Mount Sinai,1740224914,MOUNT SINAI SCHOOL OF MEDICINE,"Pathology, Anatomic Pathology & Clinical Pathology",1428 MADISON AVE,NEW YORK,NY,10029,Mount Sinai
Mount Sinai,1558371112,MOUNT SINAI SCHOOL OF MEDICINE,Otolaryngology,5 E 98TH ST,NEW YORK,NY,10029,Mount Sinai
Mount Sinai,1487884789,MOUNT SINAI SCHOOL OF MEDICINE,"Internal Medicine, Pulmonary Disease",7901 BROADWAY,ELMHURST,NY,11373,Mount Sinai
Mount Sinai,1588723456,MOUNT SINAI SCHOOL OF MEDICINE,"Medical Genetics, Clinical Genetics (M.D.)",1184 5TH AVE,NEW YORK,NY,10029,Mount Sinai
Mount Sinai,1154657641,MOUNT SINAI SCHOOL OF MEDICINE,"Psychiatry & Neurology, Psychiatry",1 GUSTAVE L LEVY PL # 1230,NEW YORK,NY,10029,Mount Sinai
Mount Sinai,1972824894,MOUNT SINAI SCHOOL OF MEDICINE,"Internal Medicine, Cardiovascular Disease",9436 58TH AVE,ELMHURST,NY,11373,Mount Sinai
Mount Sinai,1164714432,MOUNT SINAI SCHOOL OF MEDICINE,"Registered Nurse, Diabetes Educator",1 GUSTAVE L LEVY PLACE,NEW YORK,NY,10029,Mount Sinai
Mount Sinai,1427070283,MOUNT SINAI SCHOOL OF MEDICINE,"Internal Medicine, Nephrology",1 GUSTAVE LEVY PLACE,NEW YORK,NY,10029,Mount Sinai
Mount Sinai,1518987957,MOUNT SINAI SCHOOL OF MEDICINE,Internal Medicine,1 GUSTAVE LEVY PLACE,NEW YORK,NY,10029,Mount Sinai
Mount Sinai,1336616549,MOUNT SINAI SCHOOL OF MEDICINE,"Obstetrics & Gynecology, Maternal & Fetal Medicine",8 N OCEANSIDE RD,ROCKVILLE CENTRE,NY,11570,Mount Sinai
Mount Sinai,1629093869,MOUNT SINAI SCHOOL OF MEDICINE,"Pathology, Anatomic Pathology & Clinical Pathology",1 GUSTAVE L LEVY PL,NEW YORK,NY,10029,Mount Sinai
Mount Sinai,1932120656,MOUNT SINAI SCHOOL OF MEDICINE,"Psychiatry & Neurology, Addiction Medicine",1425 MADISON AVE.,NEW YORK,NY,10029,Mount Sinai
Mount Sinai,1730315177,MOUNT SINAI SCHOOL OF MEDICINE,"Internal Medicine, Cardiovascular Disease",143 - 05 HILLSIDE AVENUE,JAMAICA,NY,11435,Mount Sinai
Mount Sinai,1295965598,MOUNT SINAI SCHOOL OF MEDICINE,"Internal Medicine, Geriatric Medicine",7901 BROADWAY,ELMHURST,NY,11373,Mount Sinai
Mount Sinai,1043230444,MOUNT SINAI SCHOOL OF MEDICINE,"Internal Medicine, Cardiovascular Disease",1 GUSTAVE LEVY PLACE,NEW YORK,NY,10029,Mount Sinai
Mount Sinai,1942864251,MOUNT SINAI SCHOOL OF MEDICINE,Colon & Rectal Surgery,1100 FRANKLIN AVE STE 203,GARDEN CITY,NY,11530,Mount Sinai
Mount Sinai,1679199608,MOUNT SINAI SCHOOL OF MEDICINE,"Internal Medicine, Endocrinology, Diabetes & Metabolism",2209 MERRICK RD STE 100,MERRICK,NY,11566,Mount Sinai
Mount Sinai,1003832924,MOUNT SINAI SCHOOL OF MEDICINE - DEPT. OF NEUROLOGY,Specialist,5 EAST 98 STREET,NEW YORK,NY,10029,Mount Sinai
Mount Sinai,1558698498,MOUNT SINAI SCHOOL OF MEDICINE DEPARTMENT OF ORTHOPAEDIC SURGERY,Specialist,433 HACKENSACK AVE,HACKENSACK,NJ,07601,Mount Sinai
Mount Sinai,1144266586,MOUNT SINAI SCHOOL OF MEDICINE DEPT OF OPHTHALMOLOGY,Specialist,5 E 98TH ST FL 7,NEW YORK,NY,10029,Mount Sinai
Mount Sinai,1336413442,MOUNT SINAI SCHOOL OF MEDICINE FACULTY PRACTICE ASSOCIATES,Otolaryngology,5 E 98TH ST FL 8,NEW YORK,NY,10029,Mount Sinai
Mount Sinai,1982625737,MOUNT SINAI SCHOOL OF MEDICINE MEDICAL PRACTICE ASSOCIATES,Internal Medicine,1 GUSTAVE LEVY PLACE,NEW YORK,NY,10029,Mount Sinai
Mount Sinai,1407113335,MOUNT SINAI SCHOOL OF MEDICINE OF NEW YORK UNIVERSITY,"Internal Medicine, Hematology & Oncology",1125 PARK AVE,NEW YORK,NY,10128,Mount Sinai
Mount Sinai,1679881577,MOUNT SINAI SCHOOL OF MEDICINE OF NEW YORK UNIVERSITY,"Internal Medicine, Clinical Cardiac Electrophysiology",210 E 86TH ST RM 502,NEW YORK,NY,10028,Mount Sinai
Mount Sinai,1023334927,MOUNT SINAI SCHOOL OF MEDICINE OF NEW YORK UNIVERSITY,Internal Medicine,341 CENTRAL PARK AVE,SCARSDALE,NY,10583,Mount Sinai
Mount Sinai,1104135060,MOUNT SINAI SCHOOL OF MEDICINE OF NEW YORK UNIVERSITY,General Acute Care Hospital,1 GUSTAVE L LEVY PL,NEW YORK,NY,10029,Mount Sinai
Mount Sinai,1972513646,MOUNT SINAI SCHOOL OF MEDICINE OF NEW YORK UNIVERSITY,Obstetrics & Gynecology,1176 5TH AVE,NEW YORK,NY,10029,Mount Sinai
Mount Sinai,1336878651,MOUNT SINAI SCHOOL OF MEDICINE OF NEW YORK UNIVERSITY,Orthopaedic Surgery,984 N BROADWAY STE 306,YONKERS,NY,10701,Mount Sinai
Mount Sinai,1205960168,MOUNT SINAI SCHOOL OF MEDICINE-MEDICINE,"Internal Medicine, Infectious Disease",1 GUSTAVE LEVY PLACE,NEW YORK,NY,10029,Mount Sinai
Mount Sinai,1982863080,MOUNT SINAI SERVICES,General Acute Care Hospital,8268 164TH ST,JAMAICA,NY,11432,Mount Sinai
Mount Sinai,1417284357,MOUNT SINAI SHCOOL OF MEDICINE DEPARTMENT OF ORTHOPAEDIC SURGERY,Specialist,25 PROSPECT AVE,HACKENSACK,NJ,07601,Mount Sinai
Mount Sinai,1598126518,MOUNT SINAI ST LUKES,General Acute Care Hospital,440 W 114TH ST,NEW YORK,NY,10025,Mount Sinai
Mount Sinai,1538205323,MOUNT SINAI SURGICAL SUPPLIES INC.,Durable Medical Equipment & Medical Supplies,8008 BAXTER AVE,ELMHURST,NY,11373,Mount Sinai
Mount Sinai,1588712202,MOUNT SINAI UNION FREE SCHOOL DISTRICT,Local Education Agency (LEA),118 NORTH COUNTRY RD,MOUNT SINAI,NY,11766,Mount Sinai
Mount Sinai,1558807859,MOUNT SINAI WEST,"Clinic/Center, Genetics",1000 10TH AVE,NEW YORK,NY,10019,Mount Sinai
Mount Sinai,1932111556,MOUNT SINAI-IRVING J SELIKOFF CENTER FOR OCCUPATIONAL & ENVIRONMENTAL,"Preventive Medicine, Preventive Medicine/Occupational Environmental Medicine",345 E 102ND ST,NEW YORK,NY,10029,Mount Sinai
Mount Sinai,1437477312,MT SINAI SCHOOL OF MEDICINE OF NEW YORK UNIVERSITY,"Internal Medicine, Cardiovascular Disease",3141 45TH ST,LONG ISLAND CITY,NY,11103,Mount Sinai
Mount Sinai,1043699218,MT. SINAI ELMHURST HOSPITAL,General Acute Care Hospital,2 SIMPSON PL,YONKERS,NY,10710,Mount Sinai
Mount Sinai,1992417323,NORTH SHORE MEDICAL GROUP OF THE MOUNT SINAI SCHOOL OF MEDICINE,Internal Medicine,1 S CENTRAL AVE,VALLEY STREAM,NY,11580,Mount Sinai
Mount Sinai,1174230221,NORTH SHORE MEDICAL GROUP OF THE MOUNT SINAI SCHOOL OF MEDICINE,Podiatrist,1155 NORTHERN BLVD,MANHASSET,NY,11030,Mount Sinai
Mount Sinai,1275640609,NORTH SHORE MEDICAL GROUP OF THE MOUNT SINAI SCHOOL OF MEDICINE,Internal Medicine,5 CUBA HILL RD,GREENLAWN,NY,11740,Mount Sinai
Mount Sinai,1679221980,ST LUKES ROOSEVELT HOSPITAL CENTER,"Pharmacy, Home Infusion Therapy Pharmacy",1111 AMSTERDAM AVE,NEW YORK,NY,10025,Mount Sinai
Mount Sinai,1013948595,THE MOUNT SINAI HOSPITAL,General Acute Care Hospital,2510 30TH AVE,LONG ISLAND CITY,NY,11102,Mount Sinai
Mount Sinai,1013418698,THE ST. LUKES ROOSEVELT HOSPITAL CENTER,Case Management,320 E 94TH ST,NEW YORK,NY,10128,Mount Sinai
NYU Langone,1386477743,NEW YORK UNIVERSITY,"Allergy & Immunology, Clinical & Laboratory Immunology",882 3RD AVE UNIT 11,BROOKLYN,NY,11232,NYU Langone
NYU Langone,1568977825,NEW YORK UNIVERSITY,Emergency Medicine,3301 QUANTUM BLVD,BOYNTON BEACH,FL,33426,NYU Langone
NYU Langone,1144066804,NEW YORK UNIVERSITY,"Clinic/Center, Urgent Care",3301 QUANTUM BLVD,BOYNTON BEACH,FL,33426,NYU Langone
NYU Langone,1073256384,NEW YORK UNIVERSITY,Orthopaedic Surgery,3301 QUANTUM BLVD,BOYNTON BEACH,FL,33426,NYU Langone
NYU Langone,1508584830,NEW YORK UNIVERSITY,"Physical Medicine & Rehabilitation, Sports Medicine",3301 QUANTUM BLVD,BOYNTON BEACH,FL,33426,NYU Langone
NYU Langone,1902503808,NEW YORK UNIVERSITY,Orthopaedic Surgery,3301 QUANTUM BLVD,BOYNTON BEACH,FL,33426,NYU Langone
NYU Langone,1164943502,NEW YORK UNIVERSITY,Orthopaedic Surgery,3301 QUANTUM BLVD,BOYNTON BEACH,FL,33426,NYU Langone
NYU Langone,1730601196,NEW YORK UNIVERSITY,Orthopaedic Surgery,333 EAST 38TH STREET,NEW YORK,NY,10016,NYU Langone
NYU Langone,1679397491,NEW YORK UNIVERSITY,Internal Medicine,450 MAMARONECK AVE STE 200,HARRISON,NY,10528,NYU Langone
NYU Langone,1013731843,NEW YORK UNIVERSITY,Internal Medicine,645 MADISON AVE FL 3,NEW YORK,NY,10022,NYU Langone
NYU Langone,1760155204,NEW YORK UNIVERSITY,Internal Medicine,3301 QUANTUM BLVD,BOYNTON BEACH,FL,33426,NYU Langone
NYU Langone,1891429858,NEW YORK UNIVERSITY,Orthopaedic Surgery,3301 QUANTUM BLVD,BOYNTON BEACH,FL,33426,NYU Langone
NYU Langone,1932705068,NEW YORK UNIVERSITY,Internal Medicine,3301 QUANTUM BLVD,BOYNTON BEACH,FL,33426,NYU Langone
NYU Langone,1912428350,NEW YORK UNIVERSITY,Orthopaedic Surgery,3301 QUANTUM BLVD,BOYNTON BEACH,FL,33426,NYU Langone
NYU Langone,1053836908,NEW YORK UNIVERSITY,Podiatrist,3301 QUANTUM BLVD,BOYNTON BEACH,FL,33426,NYU Langone
NYU Langone,1558882076,NEW YORK UNIVERSITY,Orthopaedic Surgery,3301 QUANTUM BLVD,BOYNTON BEACH,FL,33426,NYU Langone
NYU Langone,1861913394,NEW YORK UNIVERSITY,"Physical Medicine & Rehabilitation, Sports Medicine",3301 QUANTUM BLVD,BOYNTON BEACH,FL,33426,NYU Langone
NYU Langone,1114297389,NEW YORK UNIVERSITY,"Internal Medicine, Hematology & Oncology",1999 MARCUS AVE.,LAKE SUCCESS,NY,11042,NYU Langone
NYU Langone,1275256273,NEW YORK UNIVERSITY,Podiatrist,100 HOSPITAL RD STE 115,EAST PATCHOGUE,NY,11772,NYU Langone
NYU Langone,1891536140,NEW YORK UNIVERSITY,Orthopaedic Surgery,3301 QUANTUM BLVD,BOYNTON BEACH,FL,33426,NYU Langone
NYU Langone,1427563949,NEW YORK UNIVERSITY,Orthopaedic Surgery,3301 QUANTUM BLVD,BOYNTON BEACH,FL,33426,NYU Langone
NYU Langone,1003427980,NEW YORK UNIVERSITY,Orthopaedic Surgery,3301 QUANTUM BLVD,BOYNTON BEACH,FL,33426,NYU Langone
NYU Langone,1629443122,NEW YORK UNIVERSITY,"Clinic/Center, Urgent Care",3301 QUANTUM BLVD,BOYNTON BEACH,FL,33426,NYU Langone
NYU Langone,1144067794,NEW YORK UNIVERSITY,"Clinic/Center, Urgent Care",3301 QUANTUM BLVD,BOYNTON BEACH,FL,33426,NYU Langone
NYU Langone,1831838440,NEW YORK UNIVERSITY,Orthopaedic Surgery,3301 QUANTUM BLVD,BOYNTON BEACH,FL,33426,NYU Langone
NYU Langone,1225550601,NEW YORK UNIVERSITY,Orthopaedic Surgery,3301 QUANTUM BLVD,BOYNTON BEACH,FL,33426,NYU Langone
NYU Langone,1972028827,NEW YORK UNIVERSITY,Podiatrist,3301 QUANTUM BLVD,BOYNTON BEACH,FL,33426,NYU Langone
NYU Langone,1760223028,NEW YORK UNIVERSITY,Internal Medicine,3301 QUANTUM BLVD,BOYNTON BEACH,FL,33426,NYU Langone
NYU Langone,1740702638,NEW YORK UNIVERSITY,Orthopaedic Surgery,3301 QUANTUM BLVD,BOYNTON BEACH,FL,33426,NYU Langone
NYU Langone,1841712296,NEW YORK UNIVERSITY,Orthopaedic Surgery,3301 QUANTUM BLVD,BOYNTON BEACH,FL,33426,NYU Langone
NYU Langone,1689195125,NEW YORK UNIVERSITY,Orthopaedic Surgery,3301 QUANTUM BLVD,BOYNTON BEACH,FL,33426,NYU Langone
NYU Langone,1114603743,NEW YORK UNIVERSITY,Orthopaedic Surgery,3301 QUANTUM BLVD,BOYNTON BEACH,FL,33426,NYU Langone
NYU Langone,1063283083,NEW YORK UNIVERSITY,Orthopaedic Surgery,3301 QUANTUM BLVD,BOYNTON BEACH,FL,33426,NYU Langone
NYU Langone,1144105214,NEW YORK UNIVERSITY,Orthopaedic Surgery,167 VETERANS MEMORIAL HWY,COMMACK,NY,11725,NYU Langone
NYU Langone,1174044721,NEW YORK UNIVERSITY,Physical Therapist,3301 QUANTUM BLVD,BOYNTON BEACH,FL,33426,NYU Langone
NYU Langone,1770256216,NEW YORK UNIVERSITY,Internal Medicine,3301 QUANTUM BLVD,BOYNTON BEACH,FL,33426,NYU Langone
NYU Langone,1114750908,NEW YORK UNIVERSITY,Internal Medicine,515 BELLPORT AVE,BELLPORT,NY,11713,NYU Langone
NYU Langone,1891217238,NEW YORK UNIVERSITY,Orthopaedic Surgery,3301 QUANTUM BLVD,BOYNTON BEACH,FL,33426,NYU Langone
NYU Langone,1598287948,NEW YORK UNIVERSITY,Orthopaedic Surgery,3301 QUANTUM BLVD,BOYNTON BEACH,FL,33426,NYU Langone
NYU Langone,1720839533,NEW YORK UNIVERSITY,Orthopaedic Surgery,3301 QUANTUM BLVD,BOYNTON BEACH,FL,33426,NYU Langone
NYU Langone,1023539566,NEW YORK UNIVERSITY,Orthopaedic Surgery,3301 QUANTUM BLVD,BOYNTON BEACH,FL,33426,NYU Langone
NYU Langone,1083130967,NEW YORK UNIVERSITY,Orthopaedic Surgery,3301 QUANTUM BLVD,BOYNTON BEACH,FL,33426,NYU Langone
NYU Langone,1780425041,NEW YORK UNIVERSITY,Internal Medicine,3301 QUANTUM BLVD,BOYNTON BEACH,FL,33426,NYU Langone
NYU Langone,1760184535,NEW YORK UNIVERSITY,Orthopaedic Surgery,3301 QUANTUM BLVD,BOYNTON BEACH,FL,33426,NYU Langone
NYU Langone,1790478725,NEW YORK UNIVERSITY,Internal Medicine,3301 QUANTUM BLVD,BOYNTON BEACH,FL,33426,NYU Langone
NYU Langone,1023508603,NEW YORK UNIVERSITY,Orthopaedic Surgery,3301 QUANTUM BLVD,BOYNTON BEACH,FL,33426,NYU Langone
NYU Langone,1700600533,NEW YORK UNIVERSITY,Internal Medicine,200 WHITE PLAINS RD FL 4,TARRYTOWN,NY,10591,NYU Langone
NYU Langone,1437990785,NEW YORK UNIVERSITY,Orthopaedic Surgery,3301 QUANTUM BLVD,BOYNTON BEACH,FL,33426,NYU Langone
NYU Langone,1104787613,NEW YORK UNIVERSITY,Physical Medicine & Rehabilitation,3301 QUANTUM BLVD,BOYNTON BEACH,FL,33426,NYU Langone
NYU Langone,1558942060,NYU HOSPITALS CENTER,"Dentist, General Practice",200 OLD COUNTRY RD STE 460,MINEOLA,NY,11501,NYU Langone
NYU Langone,1023450996,NYU LANGONE,"Clinic/Center, Student Health",550 1ST AVE,NEW YORK,NY,10016,NYU Langone
NYU Langone,1720484017,NYU LANGONE CARDIOLOGY ASSOCIATES - STATEN ISLAND,"Internal Medicine, Cardiovascular Disease",5091 AMBOY RD,STATEN ISLAND,NY,10312,NYU Langone
NYU Langone,1821138959,NYU LANGONE HOSPITALS,"Pharmacy, Community/Retail Pharmacy",550 1ST AVE,NEW YORK,NY,10016,NYU Langone
NYU Langone,1922973601,NYU LANGONE HOSPITALS,"Pharmacy, Clinic Pharmacy",160 E 34TH ST,NEW YORK,NY,10016,NYU Langone
NYU Langone,1588539274,NYU LANGONE HOSPITALS,"Pharmacy, Clinic Pharmacy",902 QUENTIN RD,BROOKLYN,NY,11223,NYU Langone
NYU Langone,1114892833,NYU LANGONE HOSPITALS,"Pharmacy, Clinic Pharmacy",777 ZECKENDORF BLVD,GARDEN CITY,NY,11530,NYU Langone
NYU Langone,1831197797,NYU LANGONE HOSPITALS,"Clinic/Center, End-Stage Renal Disease (ESRD) Treatment",255 WARNER AVE,ROSLYN HEIGHTS,NY,11577,NYU Langone
NYU Langone,1528432622,NYU LANGONE HOSPITALS,Psychiatric Unit,150 55TH ST,BROOKLYN,NY,11220,NYU Langone
NYU Langone,1669578324,NYU LANGONE HOSPITALS,General Acute Care Hospital,301 E 17TH ST,NEW YORK,NY,10003,NYU Langone
NYU Langone,1427616002,NYU LANGONE HOSPITALS,General Acute Care Hospital,259 1ST ST,MINEOLA,NY,11501,NYU Langone
NYU Langone,1558809756,NYU LANGONE HOSPITALS,Pharmacy,INDUSTRY CITY BUILDING 10,BROOKLYN,NY,11232,NYU Langone
NYU Langone,1659127082,NYU LANGONE HOSPITALS,"Pharmacy, Community/Retail Pharmacy",301 EAST 17TH,NEW YORK,NY,10003,NYU Langone
NYU Langone,1326888041,NYU LANGONE HOSPITALS,"Pharmacy, Community/Retail Pharmacy",70 ATLANTIC AVE FL 4,BROOKLYN,NY,11201,NYU Langone
NYU Langone,1619842317,NYU LANGONE HOSPITALS,"Pharmacy, Clinic Pharmacy",789 PARK AVE FL 2,HUNTINGTON,NY,11743,NYU Langone
NYU Langone,1255206942,NYU LANGONE HOSPITALS,"Pharmacy, Clinic Pharmacy",240 E 38TH ST FL 20,NEW YORK,NY,10016,NYU Langone
NYU Langone,1326913005,NYU LANGONE HOSPITALS,"Pharmacy, Clinic Pharmacy",160 E 32ND ST,NEW YORK,NY,10016,NYU Langone
NYU Langone,1932466067,NYU LANGONE HOSPITALS,"Pharmacy, Clinic Pharmacy",333 E 38TH ST RM 4-303,NEW YORK,NY,10016,NYU Langone
NYU Langone,1982579611,NYU LANGONE HOSPITALS,"Pharmacy, Clinic Pharmacy",462 1ST AVE FL 4,NEW YORK,NY,10016,NYU Langone
NYU Langone,1720953458,NYU LANGONE HOSPITALS,"Pharmacy, Clinic Pharmacy",160 E 34TH ST FL 6,NEW YORK,NY,10016,NYU Langone
NYU Langone,1861367567,NYU LANGONE HOSPITALS,"Pharmacy, Institutional Pharmacy",150 55TH ST,BROOKLYN,NY,11220,NYU Langone
NYU Langone,1215931811,NYU LANGONE HOSPITALS,Home Health,290 OLD COUNTRY ROAD,MINEOLA,NY,11501,NYU Langone
NYU Langone,1346614443,NYU LANGONE HOSPITALS,Ambulance,150 55TH ST,BROOKLYN,NY,11220,NYU Langone
NYU Langone,1487743480,NYU LANGONE HOSPITALS,"Clinic/Center, End-Stage Renal Disease (ESRD) Treatment",109 WEST MAIN STREET,PATCHOGUE,NY,11772,NYU Langone
NYU Langone,1508687021,NYU LANGONE HOSPITALS,Psychiatric Unit,101 HOSPITAL RD,PATCHOGUE,NY,11772,NYU Langone
NYU Langone,1831910355,NYU LANGONE HOSPITALS,General Acute Care Hospital,101 HOSPITAL RD,PATCHOGUE,NY,11772,NYU Langone
NYU Langone,1790975944,NYU LANGONE HOSPITALS,Internal Medicine,530 1ST AVE,NEW YORK,NY,10016,NYU Langone
NYU Langone,1083612089,NYU LANGONE HOSPITALS,"Clinic/Center, End-Stage Renal Disease (ESRD) Treatment",200 OLD COUNTRY ROAD,MINEOLA,NY,11501,NYU Langone
NYU Langone,1659470276,NYU LANGONE HOSPITALS,Rehabilitation Unit,550 1ST AVE,NEW YORK,NY,10016,NYU Langone
NYU Langone,1275632895,NYU LANGONE HOSPITALS,Rehabilitation Unit,301 E 17TH ST,NEW YORK,NY,10003,NYU Langone
NYU Langone,1801992631,NYU LANGONE HOSPITALS,General Acute Care Hospital,550 1ST AVE,NEW YORK,NY,10016,NYU Langone
NYU Langone,1114925567,NYU LANGONE HOSPITALS,General Acute Care Hospital,259 1ST STREET,MINEOLA,NY,11501,NYU Langone
NYU Langone,1831549559,NYU LANGONE HOSPITALS,"Clinic/Center, Multi-Specialty",150 55TH ST,BROOKLYN,NY,11220,NYU Langone
NYU Langone,1457226136,NYU LANGONE HOSPITALS,"Pharmacy, Clinic Pharmacy",240 E 38TH ST FL 18,NEW YORK,NY,10016,NYU Langone
NYU Langone,1457226144,NYU LANGONE HOSPITALS,"Pharmacy, Clinic Pharmacy",120 MINEOLA BLVD STE 600,MINEOLA,NY,11501,NYU Langone
NYU Langone,1356216048,NYU LANGONE HOSPITALS,"Pharmacy, Clinic Pharmacy",1999 MARCUS AVE STE 116,NEW HYDE PARK,NY,11042,NYU Langone
NYU Langone,1841165537,NYU LANGONE HOSPITALS,"Pharmacy, Clinic Pharmacy",5718 2ND AVE FL 2,BROOKLYN,NY,11220,NYU Langone
NYU Langone,1366541989,NYU LANGONE HOSPITALS,Psychiatric Unit,550 1ST AVE,NEW YORK,NY,10016,NYU Langone
NYU Langone,1760480628,NYU LANGONE HOSPITALS,"Clinic/Center, End-Stage Renal Disease (ESRD) Treatment",530 HICKSVILLE ROAD,BETHPAGE,NY,11714,NYU Langone
NYU Langone,1437230034,NYU LANGONE HOSPITALS,"Clinic/Center, Oncology",160 E 34TH ST,NEW YORK,NY,10016,NYU Langone
NYU Langone,1013724061,NYU LANGONE HOSPITALS,"Clinic/Center, Mental Health (Including Community Mental Health Center)",101 HOSPITAL RD,PATCHOGUE,NY,11772,NYU Langone
NYU Langone,1780559492,NYU LANGONE HOSPITALS,"Pharmacy, Institutional Pharmacy",101 HOSPITAL RD FL 2,PATCHOGUE,NY,11772,NYU Langone
NYU Langone,1881569515,NYU LANGONE HOSPITALS,"Pharmacy, Clinic Pharmacy",5434 2ND AVE FL 7,BROOKLYN,NY,11220,NYU Langone
NYU Langone,1437523537,NYU LANGONE HOSPITALS,Rehabilitation Unit,150 55TH ST,BROOKLYN,NY,11220,NYU Langone
NYU Langone,1609877364,NYU LANGONE HOSPITALS,"Hospice Care, Community Based",105 WEST MAIN STREET,PATCHOGUE,NY,11772,NYU Langone
NYU Langone,1619341716,NYU LANGONE HOSPITALS,General Acute Care Hospital,150 55TH ST,BROOKLYN,NY,11220,NYU Langone
NYU Langone,1649727728,NYU LANGONE MEDICAL CENTER,General Acute Care Hospital,"317E 34TH ST., PEDIATRIC NEUROSURGERY, 10TH FLOOR",NEW YORK,NY,10016,NYU Langone
NYU Langone,1336673813,NYU LANGONE MEDICAL CENTER,General Acute Care Hospital,550 1ST AVE,NEW YORK,NY,10016,NYU Langone
NYU Langone,1225561764,NYU LANGONE MEDICAL CENTER,Student in an Organized Health Care Education/Training Program,550 1ST AVE,NEW YORK,NY,10016,NYU Langone
NYU Langone,1427595594,NYU LANGONE MEDICAL CENTER,General Acute Care Hospital,240 E 38TH ST,NEW YORK,NY,10016,NYU Langone
NYU Langone,1538458252,NYU LANGONE MEDICAL CENTER,Special Hospital,660 1ST AVE,NEW YORK,NY,10016,NYU Langone
NYU Langone,1730448317,NYU LANGONE MEDICAL CENTER,General Acute Care Hospital,660 1ST AVE,NEW YORK,NY,10016,NYU Langone
NYU Langone,1972863249,NYU LANGONE MEDICAL CENTER,Special Hospital,550 1ST AVE,NEW YORK,NY,10016,NYU Langone
NYU Langone,1861842304,NYU LANGONE MEDICAL CENTER,General Acute Care Hospital,660 1ST AVE,NEW YORK,NY,10016,NYU Langone
NYU Langone,1821474644,NYU LANGONE MEDICAL CENTER,General Acute Care Hospital,530 1ST AVENUE,NEW YORK,NY,10016,NYU Langone
NYU Langone,1093123762,NYU LANGONE MEDICAL CENTER,General Acute Care Hospital,440 E 20TH ST,NEW YORK,NY,10009,NYU Langone
NYU Langone,1710139944,NYU LANGONE MEDICAL CENTER,"General Acute Care Hospital, Critical Access",530 1ST AVE,NEW YORK,NY,10016,NYU Langone
NYU Langone,1578899878,NYU LANGONE MEDICAL CENTER,General Acute Care Hospital,550 1ST AVE,NEW YORK,NY,10016,NYU Langone
NYU Langone,1811221245,NYU LANGONE MEDICAL CENTER,General Acute Care Hospital,560 1ST AVE,NEW YORK,NY,10016,NYU Langone
NYU Langone,1154770576,NYU LANGONE MEDICAL CENTER,Student in an Organized Health Care Education/Training Program,550 1ST AVE,NEW YORK,NY,10016,NYU Langone
NYU Langone,1790031797,NYU LANGONE MEDICAL CENTER/ RUSK INSTITUTE OF REHABILITATION MEDICINE,Rehabilitation Hospital,400 E 34TH ST RM 515,NEW YORK,NY,10016,NYU Langone
NYU Langone,1629423009,NYU LANGONE MEDICAL CENTER/TISCH HOSPITAL,General Acute Care Hospital,70 PROVINCE DR,SOUTH SETAUKET,NY,11720,NYU Langone
Northwell,1922543602,LONG ISLAND JEWISH MEDICAL CENTER,"Psychiatry & Neurology, Psychiatry",27005 76TH AVE,NEW HYDE PARK,NY,11040,Northwell
Northwell,1215019500,NORTH SHORE LONG ISLAND JEWISH HEALTHCARE,"Internal Medicine, Cardiovascular Disease",972 BRUSH HOLLOW RD,WESTBURY,NY,11590,Northwell
Northwell,1376903351,NORTHWELL,General Acute Care Hospital,450 LAKEVILLE RD,NEW HYDE PARK,NY,11042,Northwell
Northwell,1912362260,NORTHWELL DERMATOLOGY,Dermatology,1991 MARCUS AVE,NEW HYDE PARK,NY,11042,Northwell
Northwell,1619336260,NORTHWELL HEALTH,Rehabilitation Unit,101 SAINT ANDREWS LN,GLEN COVE,NY,11542,Northwell
Northwell,1538104377,NORTHWELL HEALTH,"Internal Medicine, Gastroenterology",300 OLD COUNTRY RD STE 31,MINEOLA,NY,11501,Northwell
Northwell,1366543795,NORTHWELL HEALTH LABORATORIES,Clinical Medical Laboratory,450 LAKEVILLE RD STE M50,NEW HYDE PARK,NY,11042,Northwell
Northwell,1861173130,"NORTHWELL HEALTH MEDICAL NJ, PC","Internal Medicine, Transplant Hepatology",725 RIVER RD,EDGEWATER,NJ,07020,Northwell
Northwell,1720599285,NORTHWELL HEALTH SLEEP LAB LLC,"Clinic/Center, Sleep Disorder Diagnostic",560 NORTHERN BLVD STE 208,GREAT NECK,NY,11021,Northwell
Northwell,1437187150,NORTHWELL HEALTH STERN FAMILY CENTER FOR REHABILITATION,Skilled Nursing Facility,330 COMMUNITY DR,MANHASSET,NY,11030,Northwell
Northwell,1528507225,NORTHWELL LONG ISLAND JEWISH HOSPITAL,General Acute Care Hospital,27005 76TH AVE,NEW HYDE PARK,NY,11040,Northwell
Northwell,1699214031,NORTHWELL STAFFING AGENCY LLC,Home Health,12119 SUTPHIN BLVD,JAMAICA,NY,11434,Northwell
Northwell,1457806036,SPORTS PHYSICAL THERAPY OCCUPATIONAL THERAPY AND REHABILITATION SERVIC,"Occupational Therapist, Hand",210 E 64TH ST,NEW YORK CITY,NY,10021,Northwell
Northwell,1386501765,SPORTS PHYSICAL THERAPY OCCUPATIONAL THERAPY AND REHABILITATION SERVIC,"Physical Therapist, Hand",410 LAKEVILLE RD STE 303,NEW HYDE PARK,NY,11042,Northwell
Westchester Medical,1437247509,1211 WPR MEDICAL SERVICES PC,Internal Medicine,1211 WHITE PLAINS RD,BRONX,NY,10472,WMC
Westchester Medical,1164624748,NEW YORK MEDICAL COLLEGE,"Specialist, Research Study",15 DANA ROAD,VALHALLA,NY,10595,WMC
Westchester Medical,1598861767,REZA CHOWDHURY MEDICAL PC,Clinic/Center,1957 WESTCHESTER AVE,BRONX,NY,10462,WMC
Westchester Medical,1518241918,WEILL MEDICAL COLLEGE OF CORNELL UNIVERSITY,"Internal Medicine, Cardiovascular Disease",100 WOODS RD,VALHALLA,NY,10595,WMC
Westchester Medical,1760657233,WESTCHESTER COUNTY HEALTH CARE CORPORATION,"Clinic/Center, End-Stage Renal Disease (ESRD) Treatment",95 GRASSLANDS RD,VALHALLA,NY,10595,WMC
Westchester Medical,1972778447,WESTCHESTER COUNTY HEALTH CARE CORPORATION,Rehabilitation Unit,100 WOODS RD,VALHALLA,NY,10595,WMC
Westchester Medical,1659546125,WESTCHESTER COUNTY HEALTH CARE CORPORATION,Psychiatric Unit,100 WOODS RD,VALHALLA,NY,10595,WMC
Westchester Medical,1821237959,WESTCHESTER COUNTY HEALTH CARE CORPORATION,General Acute Care Hospital,95 GRASSLANDS RD,VALHALLA,NY,10595,WMC
Westchester Medical,1932280666,WESTCHESTER COUNTY HEALTH CARE CORPORATION,General Acute Care Hospital,100 WOODS RD,VALHALLA,NY,10595,WMC
Westchester Medical,1346496973,WESTCHESTER COUNTY HEALTHCARE CORPORATION,"Surgery, Surgical Critical Care",95 GRASSLANDS ROAD,VALHALLA,NY,10595,WMC
Westchester Medical,1457455511,WESTCHESTER MEDICAL ASSOCIATES PC,"Internal Medicine, Pulmonary Disease",322 UNDERHILL AVENUE,YORKTOWN HTS,NY,10598,WMC
Westchester Medical,1134362445,WESTCHESTER MEDICAL CANTER,General Acute Care Hospital,95 GRASSLANDS RD,VALHALLA,NY,10595,WMC
Westchester Medical,1649844416,"WESTCHESTER MEDICAL CARE, PC",Neurological Surgery,2932 WILKINSON AVE,BRONX,NY,10461,WMC
Westchester Medical,1316996176,"WESTCHESTER MEDICAL CARE, PLLC",Internal Medicine,160 S CENTRAL AVE,ELMSFORD,NY,10523,WMC
Westchester Medical,1205087806,WESTCHESTER MEDICAL CENTER,General Acute Care Hospital,GRASSLANDS RD,VALHALLA,NY,10595,WMC
Westchester Medical,1740464817,WESTCHESTER MEDICAL CENTER,General Acute Care Hospital,95 GRASSLANDS RD,VALHALLA,NY,10595,WMC
Westchester Medical,1023286184,WESTCHESTER MEDICAL CENTER,General Acute Care Hospital,10 WOODS RD,VALHALLA,NY,10595,WMC
Westchester Medical,1356611917,WESTCHESTER MEDICAL CENTER,General Acute Care Hospital,95 GRASSLANDS RD,VALHALLA,NY,10595,WMC
Westchester Medical,1700294352,WESTCHESTER MEDICAL CENTER,General Acute Care Hospital,100 WOODS RD,VALHALLA,NY,10595,WMC
Westchester Medical,1467682708,WESTCHESTER MEDICAL CENTER,General Acute Care Hospital,100 WOODS RD. WESTCHESTER MEDICAL CENTER,VALHALLA,NY,10595,WMC
Westchester Medical,1720416951,WESTCHESTER MEDICAL CENTER,Student in an Organized Health Care Education/Training Program,100 WOODS RD,VALHALLA,NY,10595,WMC
Westchester Medical,1588041628,WESTCHESTER MEDICAL CENTER,"General Acute Care Hospital, Children",1935 EASTCHESTER RD APT 3D,BRONX,NY,10461,WMC
Westchester Medical,1730400946,WESTCHESTER MEDICAL CENTER,General Acute Care Hospital,95 GRASSLANDS RD,VALHALLA,NY,10595,WMC
Westchester Medical,1922088186,WESTCHESTER MEDICAL CENTER,General Acute Care Hospital,95 GRASSLANDS RD,VALHALLA,NY,10595,WMC
Westchester Medical,1063766616,WESTCHESTER MEDICAL CENTER,Student in an Organized Health Care Education/Training Program,4 NEDS WAY,WAPPINGERS FALLS,NY,12590,WMC
Westchester Medical,1477854438,WESTCHESTER MEDICAL CENTER,General Acute Care Hospital,100 WOODS RD,VALHALLA,NY,10595,WMC
Westchester Medical,1265747372,WESTCHESTER MEDICAL CENTER - BEHAVIORAL HEALTH CENTER,Psychiatric Hospital,100 WOODS RD,VALHALLA,NY,10595,WMC
Westchester Medical,1740687458,WESTCHESTER MEDICAL CENTER ADVANCED PHYSICIAN SERVICES PC,Anesthesiology,100 WOODS RD,VALHALLA,NY,10595,WMC
Westchester Medical,1912131392,"WESTCHESTER MEDICAL CENTER ADVANCED PHYSICIAN SERVICES, PC",Surgery,100 WOODS RD,VALHALLA,NY,10595,WMC
Westchester Medical,1588099154,"WESTCHESTER MEDICAL CENTER ADVANCED PHYSICIAN SERVICES, PC",Internal Medicine,19 BRADHURST AVE,HAWTHORNE,NY,10532,WMC
Westchester Medical,1912384223,"WESTCHESTER MEDICAL CENTER ADVANCED PHYSICIAN SERVICES, PC",Psychologist,100 WOODS RD,VALHALLA,NY,10595,WMC
Westchester Medical,1902197361,"WESTCHESTER MEDICAL CENTER ADVANCED PHYSICIAN SERVICES, PC",Thoracic Surgery (Cardiothoracic Vascular Surgery),100 WOODS RD,VALHALLA,NY,10595,WMC
Westchester Medical,1942492715,"WESTCHESTER MEDICAL CENTER, VALHALLA NY 10595",General Acute Care Hospital,95 GRASSLANDS ROAD,VALHALLA,NY,10595,WMC
Westchester Medical,1841074630,"WESTCHESTER MEDICAL GROUP, P.C.",Durable Medical Equipment & Medical Supplies,1084 N BROADWAY,YONKERS,NY,10701,WMC
Westchester Medical,1881653822,"WESTCHESTER MEDICAL GROUP, P.C.","Internal Medicine, Critical Care Medicine",800 WESTCHESTER AVE STE N715,RYE BROOK,NY,10573,WMC
Westchester Medical,1649054420,"WESTCHESTER MEDICAL GROUP, P.C.",Durable Medical Equipment & Medical Supplies,171 HUGUENOT ST,NEW ROCHELLE,NY,10801,WMC
Westchester Medical,1790569572,"WESTCHESTER MEDICAL GROUP, P.C.",Durable Medical Equipment & Medical Supplies,1 THEALL RD,RYE,NY,10580,WMC
Westchester Medical,1831500123,"WESTCHESTER MEDICAL REGIONAL PHYSICIAN SERVICES, PC",Internal Medicine,241 NORTH RD,POUGHKEEPSIE,NY,12601,WMC
Westchester Medical,1457762460,"WESTCHESTER MEDICAL REGIONAL PHYSICIAN SERVICES, PC","Psychiatry & Neurology, Psychiatry",241 NORTH RD,POUGHKEEPSIE,NY,12601,WMC
Westchester Medical,1326123753,WESTCHESTER MEDICAL REHABILITATION & ACUPUNCTURE PC,"Physical Medicine & Rehabilitation, Sports Medicine",116 N CENTRAL AVE,HARTSDALE,NY,10530,WMC
Westchester Medical,1033581046,WESTCHESTER MEDICAL WELLNESS,"Internal Medicine, Bariatric Medicine",271 MAIN ST,EASTCHESTER,NY,10709,WMC
White Plains Hospital,1003190414,WEILL MEDICAL COLLEGE OF CORNELL UNIVERSITY,"Internal Medicine, Cardiovascular Disease",41 E POST RD,WHITE PLAINS,NY,10601,White Plains
White Plains Hospital,1417179037,WHITE PLAINS HOSPITAL,General Acute Care Hospital,77 EAST POST RD.,WHITE PLAINS,NY,10601,White Plains
White Plains Hospital,1043254139,WHITE PLAINS HOSPITAL,General Acute Care Hospital,DAVIS AVE AT E POST RD,WHITE PLAINS,NY,10601,White Plains
White Plains Hospital,1851756084,WHITE PLAINS HOSPITAL,General Acute Care Hospital,421 WHITE PLAINS RD,EASTCHESTER,NY,10709,White Plains
White Plains Hospital,1336312719,WHITE PLAINS HOSPITAL CENTER,Hospitalist,DAVIS AVE AT E POST RD,WHITE PLAINS,NY,10601,White Plains
White Plains Hospital,1457346025,WHITE PLAINS HOSPITAL CENTER,Home Health,90 S RIDGE ST,RYE BROOK,NY,10573,White Plains
White Plains Hospital,1649433772,WHITE PLAINS HOSPITAL CENTER FAMILY HEALTH,"Clinic/Center, Community Health",41 E POST RD,WHITE PLAINS,NY,10601,White Plains
White Plains Hospital,1689015893,WHITE PLAINS HOSPITAL MEDICAL CENTER,General Acute Care Hospital,41 E POST RD,WHITE PLAINS,NY,10601,White Plains
White Plains Hospital,1952670978,WHITE PLAINS HOSPITAL MEDICAL CENTER,Thoracic Surgery (Cardiothoracic Vascular Surgery),33 DAVIS AVE,WHITE PLAINS,NY,10605,White Plains
White Plains Hospital,1962892695,WHITE PLAINS HOSPITAL MEDICAL CENTER,"Radiology, Diagnostic Radiology",41 E POST RD,WHITE PLAINS,NY,10601,White Plains
White Plains Hospital,1033446224,WHITE PLAINS HOSPITAL MEDICAL CENTER,General Acute Care Hospital,41 E POST ROAD,WHITE PLAINS,NY,10601,White Plains
White Plains Hospital,1992255392,WHITE PLAINS HOSPITAL MEDICAL CENTER,Hospitalist,41 E POST RD,WHITE PLAINS,NY,10601,White Plains
White Plains Hospital,1003089491,WHITE PLAINS HOSPITAL MEDICAL CENTER,Hospitalist,DAVIS AVE AT E POST RD,WHITE PLAINS,NY,10601,White Plains
White Plains Hospital,1629450481,WHITE PLAINS HOSPITAL MEDICAL CENTER,,41 E POST RD,WHITE PLAINS,NY,10601,White Plains
White Plains Hospital,1053684308,WHITE PLAINS HOSPITAL MEDICAL CENTER,,4 LYON PL,WHITE PLAINS,NY,10601,White Plains
White Plains Hospital,1083975056,WHITE PLAINS HOSPITAL MEDICAL CENTER,Surgery,170 MAPLE AVE,WHITE PLAINS,NY,10601,White Plains
White Plains Hospital,1215220595,WHITE PLAINS HOSPITAL MEDICAL CENTER,Obstetrics & Gynecology,170 MAPLE AVE,WHITE PLAINS,NY,10601,White Plains
White Plains Hospital,1881982429,WHITE PLAINS HOSPITAL MEDICAL CENTER,Orthopaedic Surgery,222 WESTCHESTER AVE,WHITE PLAINS,NY,10604,White Plains
White Plains Hospital,1174994149,WHITE PLAINS HOSPITAL MEDICAL CENTER,Family Medicine,99 BUSINESS PARK DR,ARMONK,NY,10504,White Plains
White Plains Hospital,1447255153,WHITE PLAINS HOSPITAL MEDICAL CENTER,General Acute Care Hospital,41 E POST ROAD,WHITE PLAINS,NY,10601,White Plains
White Plains Hospital,1609174937,WHITE PLAINS HOSPITAL MEDICAL CENTER,Colon & Rectal Surgery,170 MAPLE AVE,WHITE PLAINS,NY,10601,White Plains
White Plains Hospital,1457658445,WHITE PLAINS HOSPITAL MEDICAL CENTER,"Internal Medicine, Gastroenterology",311 NORTH ST,WHITE PLAINS,NY,10605,White Plains
